,RT-Series-ID,CT-Series-ID
0,1.2.826.0.1.534147.667.2747872357.202341871540655,1.3.6.1.4.1.14519.5.2.1.3320.3273.161617653065879471038758009637
1,1.2.826.0.1.534147.667.2747872357.202341842357460.2,1.3.6.1.4.1.14519.5.2.1.3320.3273.159321015186912823082383329741
2,1.2.826.0.1.534147.667.2747872357.2023499584675.4,1.3.6.1.4.1.14519.5.2.1.3320.3273.285009000548600743298996115781
3,1.2.826.0.1.534147.756.812677238.20233128540306.4,1.3.6.1.4.1.14519.5.2.1.6450.2626.256334111606532510523733903012
4,1.2.826.0.1.534147.667.2747872357.202341610339139.4,1.3.6.1.4.1.14519.5.2.1.3320.3273.223188884338270595299497487301
5,1.2.826.0.1.534147.667.2747872357.202341764418353.4,1.3.6.1.4.1.14519.5.2.1.3320.3273.166622651814404282724135260899
6,1.2.826.0.1.534147.756.812677238.202321654913835,1.3.6.1.4.1.14519.5.2.1.6450.2626.290832215777737101006478843090
7,1.2.826.0.1.534147.667.2747872357.20234105414267.4,1.3.6.1.4.1.14519.5.2.1.3320.3273.135333552534635664242078663999
8,1.2.826.0.1.534147.667.2747872357.202341761829948.4,1.3.6.1.4.1.14519.5.2.1.3320.3273.379388240572217758318107782046
9,1.2.826.0.1.534147.667.2747872357.20234187214439.4,1.3.6.1.4.1.14519.5.2.1.3320.3273.584949543564768758507744475608
10,1.2.826.0.1.534147.667.2747872357.202349115759549.4,1.3.6.1.4.1.14519.5.2.1.3320.3273.246066201094080031488624335519
11,1.2.826.0.1.534147.756.812677238.202323194447456,1.3.6.1.4.1.14519.5.2.1.6450.2626.646366290968362266256965356421
12,1.2.826.0.1.534147.667.2747872357.202341761039696.4,1.3.6.1.4.1.14519.5.2.1.3320.3273.320872437930354676331921321192
13,1.2.826.0.1.534147.667.2747872357.202341764426676.4,1.3.6.1.4.1.14519.5.2.1.3320.3273.166622651814404282724135260899
14,1.2.826.0.1.534147.756.812677238.202332166611.4,1.3.6.1.4.1.14519.5.2.1.6450.2626.272595650309382482352455997451
15,1.2.826.0.1.534147.756.812677238.20232177132741.4,1.3.6.1.4.1.14519.5.2.1.3320.3273.927982382644327709435145617715
16,1.2.826.0.1.534147.667.2747872357.202341872158892.4,1.3.6.1.4.1.14519.5.2.1.3320.3273.486700265798241010751241929313
17,1.2.826.0.1.534147.667.2747872357.20234995830141.4,1.3.6.1.4.1.14519.5.2.1.3320.3273.285009000548600743298996115781
18,1.2.826.0.1.534147.667.2747872357.20234186534323.4,1.3.6.1.4.1.14519.5.2.1.3320.3273.672743490614518902201041538772
19,1.2.826.0.1.534147.667.2747872357.20234234215421,1.3.6.1.4.1.14519.5.2.1.3320.3273.270132600750396382174789364144
20,1.2.826.0.1.534147.667.2747872357.202341751933510.4,1.3.6.1.4.1.14519.5.2.1.3320.3273.323902087626615387459780884070
21,1.2.826.0.1.534147.667.2747872357.202341862535971.4,1.3.6.1.4.1.14519.5.2.1.3320.3273.127615180138469201308667011666
22,1.2.826.0.1.534147.756.812677238.20232319451659.4,1.3.6.1.4.1.14519.5.2.1.6450.2626.646366290968362266256965356421
23,1.2.826.0.1.534147.667.2747872357.202341811511882.4,1.3.6.1.4.1.14519.5.2.1.3320.3273.180623719026532972705872614154
24,1.2.826.0.1.534147.667.2747872357.202341891324460.2,1.3.6.1.4.1.14519.5.2.1.3320.3273.190394480483665260743146740609
25,1.2.826.0.1.534147.667.2747872357.202341871453254.4,1.3.6.1.4.1.14519.5.2.1.3320.3273.161617653065879471038758009637
26,1.2.826.0.1.534147.685.39692665.20234411437130.4,1.3.6.1.4.1.14519.5.2.1.3320.3273.172652785937928088789284303266
27,1.2.826.0.1.534147.667.2747872357.20234186428784.4,1.3.6.1.4.1.14519.5.2.1.3320.3273.123358305771673636685651825585
28,1.2.826.0.1.534147.667.2747872357.20234187239646.4,1.3.6.1.4.1.14519.5.2.1.3320.3273.319647067128888697978585275539
29,1.2.826.0.1.534147.667.2747872357.202341765525687.4,1.3.6.1.4.1.14519.5.2.1.3320.3273.306553213746532003247964231657
30,1.2.826.0.1.534147.667.2747872357.2023410115343179.4,1.3.6.1.4.1.14519.5.2.1.3320.3273.148397080524415309423388290664
31,1.2.826.0.1.534147.667.2747872357.202341761819923.4,1.3.6.1.4.1.14519.5.2.1.3320.3273.379388240572217758318107782046
32,1.2.826.0.1.534147.667.2747872357.2023418101454834.4,1.3.6.1.4.1.14519.5.2.1.4801.5885.404810988081562588676249310250
33,1.2.826.0.1.534147.667.2747872357.202341861025404,1.3.6.1.4.1.14519.5.2.1.3320.3273.319052108021169688020664998828
34,1.2.826.0.1.534147.667.2747872357.202341765839325.4,1.3.6.1.4.1.14519.5.2.1.3320.3273.132510306663008261950186272810
35,1.2.826.0.1.534147.667.2747872357.202341755520374.4,1.3.6.1.4.1.14519.5.2.1.6450.2626.250314829841687664772545733428
36,1.2.826.0.1.534147.756.812677238.2023215123314228.4,1.3.6.1.4.1.14519.5.2.1.6450.2626.194314977779821329121580893978
37,1.2.826.0.1.534147.667.2747872357.2023410115436221,1.3.6.1.4.1.14519.5.2.1.3320.3273.148397080524415309423388290664
38,1.2.826.0.1.534147.685.39692665.20234412858367.4,1.3.6.1.4.1.14519.5.2.1.3320.3273.117697860842469424285014938354
39,1.2.826.0.1.534147.667.2747872357.20234184140731,1.3.6.1.4.1.14519.5.2.1.3320.3273.154557368784922545668345879358
40,1.2.826.0.1.534147.756.812677238.2023221102314513.4,1.3.6.1.4.1.14519.5.2.1.3320.3273.324542133525302467986266813043
41,1.2.826.0.1.534147.756.812677238.2023220131140412.4,1.3.6.1.4.1.14519.5.2.1.3320.3273.118863937993824093197541524758
42,1.2.826.0.1.534147.667.2747872357.20234187551719.4,1.3.6.1.4.1.14519.5.2.1.3320.3273.109260731270031113659273806100
43,1.2.826.0.1.534147.667.2747872357.202341862547681.4,1.3.6.1.4.1.14519.5.2.1.3320.3273.127615180138469201308667011666
44,1.2.826.0.1.534147.667.2747872357.202341753315482.4,1.3.6.1.4.1.14519.5.2.1.3320.3273.320741103272284549227433508770
45,1.2.826.0.1.534147.667.2747872357.202341893944173.4,1.3.6.1.4.1.14519.5.2.1.7085.2626.172141566967740391113157735015
46,1.2.826.0.1.534147.667.2747872357.20234169270107.4,1.3.6.1.4.1.14519.5.2.1.3320.3273.849447870331275936790090831462
47,1.2.826.0.1.534147.667.2747872357.2023418121535376.4,1.3.6.1.4.1.14519.5.2.1.3320.3273.238048817444625069454964024817
48,1.2.826.0.1.534147.667.2747872357.2023410115415269.4,1.3.6.1.4.1.14519.5.2.1.3320.3273.148397080524415309423388290664
49,1.2.826.0.1.534147.667.2747872357.2023418725882,1.3.6.1.4.1.14519.5.2.1.3320.3273.163300744853615327253855692379
50,1.2.826.0.1.534147.667.2747872357.202341710365621,1.3.6.1.4.1.14519.5.2.1.3320.3273.211152361389441198338568910810
51,1.2.826.0.1.534147.667.2747872357.2023410115445884.4,1.3.6.1.4.1.14519.5.2.1.3320.3273.148397080524415309423388290664
52,1.2.826.0.1.534147.667.2747872357.20234101158239,1.3.6.1.4.1.14519.5.2.1.3320.3273.106630499164472235614285948703
53,1.2.826.0.1.534147.756.812677238.202321762732218.4,1.3.6.1.4.1.14519.5.2.1.3320.3273.132510306663008261950186272810
54,1.2.826.0.1.534147.667.2747872357.2023416121222642.4,1.3.6.1.4.1.14519.5.2.1.3320.3273.986866341203788050349457494811
55,1.2.826.0.1.534147.756.812677238.2023215121656549.4,1.3.6.1.4.1.14519.5.2.1.6450.2626.194314977779821329121580893978
56,1.2.826.0.1.534147.667.2747872357.202349113648982,1.3.6.1.4.1.14519.5.2.1.3320.3273.828808918148746018893576208223
57,1.2.826.0.1.534147.667.2747872357.2023410115155321.4,1.3.6.1.4.1.14519.5.2.1.3320.3273.247387287838180663723955238393
58,1.2.826.0.1.534147.667.2747872357.202341872559363.4,1.3.6.1.4.1.14519.5.2.1.3320.3273.163300744853615327253855692379
59,1.2.826.0.1.534147.667.2747872357.202341674529715.4,1.3.6.1.4.1.14519.5.2.1.3320.3273.640234065304537451421625306665
60,1.2.826.0.1.534147.667.2747872357.20234186533970.4,1.3.6.1.4.1.14519.5.2.1.3320.3273.394340194846934197074950854796
61,1.2.826.0.1.534147.667.2747872357.20234105354520.4,1.3.6.1.4.1.14519.5.2.1.3320.3273.135333552534635664242078663999
62,1.2.826.0.1.534147.667.2747872357.20234189556745.4,1.3.6.1.4.1.14519.5.2.1.3320.3273.643148143914528023614686743302
63,1.2.826.0.1.534147.667.2747872357.2023418105847772.4,1.3.6.1.4.1.14519.5.2.1.3320.3273.305967518729919041372136894656
64,1.2.826.0.1.534147.667.2747872357.20234983721738.4,1.3.6.1.4.1.14519.5.2.1.3320.3273.816363418607154953501789294021
65,1.2.826.0.1.534147.667.2747872357.202341874024769.4,1.3.6.1.4.1.14519.5.2.1.3320.3273.929804399886456909309980555112
66,1.2.826.0.1.534147.756.812677238.20233129289853.4,1.3.6.1.4.1.14519.5.2.1.6450.2626.752984849151886881407700339109
67,1.2.826.0.1.534147.667.2747872357.202342341240927.4,1.3.6.1.4.1.14519.5.2.1.2932.1975.300655352220655674038538538060
68,1.2.826.0.1.534147.667.2747872357.2023417696352.4,1.3.6.1.4.1.14519.5.2.1.3320.3273.317795695959738065468719340397
69,1.2.826.0.1.534147.667.2747872357.202341884449714.4,1.3.6.1.4.1.14519.5.2.1.3320.3273.271353680951619751250541259686
70,1.2.826.0.1.534147.667.2747872357.202341765742428,1.3.6.1.4.1.14519.5.2.1.3320.3273.171965703989976889604372803492
71,1.2.826.0.1.534147.667.2747872357.2023417121841778,1.3.6.1.4.1.14519.5.2.1.3320.3273.271353680951619751250541259686
72,1.2.826.0.1.534147.667.2747872357.2023496341379,1.3.6.1.4.1.14519.5.2.1.3320.3273.188448273267802303071810457897
73,1.2.826.0.1.534147.667.2747872357.202341862055623.4,1.3.6.1.4.1.14519.5.2.1.3320.3273.122033892812951388045370021868
74,1.2.826.0.1.534147.756.812677238.2023220104210515.4,1.3.6.1.4.1.14519.5.2.1.7085.2626.304004672518821933835703147431
75,1.2.826.0.1.534147.667.2747872357.2023410105149564.4,1.3.6.1.4.1.14519.5.2.1.3320.3273.155299729586211911341059297882
76,1.2.826.0.1.534147.667.2747872357.202341841925122.4,1.3.6.1.4.1.14519.5.2.1.3320.3273.888176968157415828580678670347
77,1.2.826.0.1.534147.667.2747872357.2023418940983,1.3.6.1.4.1.14519.5.2.1.3320.3273.295856932154501863791831369931
78,1.2.826.0.1.534147.667.2747872357.202341761051569.4,1.3.6.1.4.1.14519.5.2.1.3320.3273.320872437930354676331921321192
79,1.2.826.0.1.534147.667.2747872357.2023410115020540.4,1.3.6.1.4.1.14519.5.2.1.3320.3273.604919721621150885827679917514
80,1.2.826.0.1.534147.667.2747872357.20234185258100.4,1.3.6.1.4.1.14519.5.2.1.3320.3273.660424436713054527279580915826
81,1.2.826.0.1.534147.667.2747872357.2023410104922888.4,1.3.6.1.4.1.14519.5.2.1.6450.2626.814512020415010675078027568691
82,1.2.826.0.1.534147.667.2747872357.2023418122541497,1.3.6.1.4.1.14519.5.2.1.3320.3273.233035374880289005625884399216
83,1.2.826.0.1.534147.667.2747872357.202341844135344,1.3.6.1.4.1.14519.5.2.1.2932.1975.211386848964701272126371792292
84,1.2.826.0.1.534147.667.2747872357.202341851644775.4,1.3.6.1.4.1.14519.5.2.1.3320.3273.149420815910084302411699153445
85,1.2.826.0.1.534147.667.2747872357.202341075841126.4,1.3.6.1.4.1.14519.5.2.1.7085.2626.304004672518821933835703147431
86,1.2.826.0.1.534147.667.2747872357.20234184413207.4,1.3.6.1.4.1.14519.5.2.1.2932.1975.211386848964701272126371792292
87,1.2.826.0.1.534147.667.2747872357.20234171194318,1.3.6.1.4.1.14519.5.2.1.3320.3273.332472154218521211520705643891
88,1.2.826.0.1.534147.667.2747872357.202341863949314.4,1.3.6.1.4.1.14519.5.2.1.3320.3273.314660043955077974216257446879
89,1.2.826.0.1.534147.667.2747872357.202341865044231.4,1.3.6.1.4.1.14519.5.2.1.3320.3273.318208224528067623013399966463
90,1.2.826.0.1.534147.667.2747872357.202341891935647.4,1.3.6.1.4.1.14519.5.2.1.3320.3273.500213151466468688863723131993
91,1.2.826.0.1.534147.667.2747872357.202341811458318.4,1.3.6.1.4.1.14519.5.2.1.3320.3273.180623719026532972705872614154
92,1.2.826.0.1.534147.667.2747872357.20234961151251.4,1.3.6.1.4.1.14519.5.2.1.3320.3273.307218047122277972983213156423
93,1.2.826.0.1.534147.667.2747872357.202341812717286.4,1.3.6.1.4.1.14519.5.2.1.3320.3273.240388187655751822876406615869
94,1.2.826.0.1.534147.667.2747872357.202341010502760.4,1.3.6.1.4.1.14519.5.2.1.6450.2626.285082133224799694128447555168
95,1.2.826.0.1.534147.667.2747872357.202341011535739.4,1.3.6.1.4.1.14519.5.2.1.3320.3273.330400358314654965064692772373
96,1.2.826.0.1.534147.667.2747872357.202341844038194.4,1.3.6.1.4.1.14519.5.2.1.2932.1975.211386848964701272126371792292
97,1.2.826.0.1.534147.667.2747872357.20234186252528.4,1.3.6.1.4.1.14519.5.2.1.3320.3273.127615180138469201308667011666
98,1.2.826.0.1.534147.667.2747872357.2023410115851258,1.3.6.1.4.1.14519.5.2.1.3320.3273.106630499164472235614285948703
99,1.2.826.0.1.534147.667.2747872357.202341755719238.4,1.3.6.1.4.1.14519.5.2.1.6450.2626.671846967176957053841486646175
100,1.2.826.0.1.534147.756.812677238.202321751149940.4,1.3.6.1.4.1.14519.5.2.1.4801.2626.202324864800310191730518327015
101,1.2.826.0.1.534147.667.2747872357.2023418103412442.4,1.3.6.1.4.1.14519.5.2.1.3320.3273.610368519215364204916014630011
102,1.2.826.0.1.534147.667.2747872357.20234186392022.4,1.3.6.1.4.1.14519.5.2.1.3320.3273.188448273267802303071810457897
103,1.2.826.0.1.534147.667.2747872357.202341012734516.4,1.3.6.1.4.1.14519.5.2.1.3320.3273.183712701395942272191506285085
104,1.2.826.0.1.534147.667.2747872357.202341710596345.4,1.3.6.1.4.1.14519.5.2.1.3320.3273.139918461325116545632701288080
105,1.2.826.0.1.534147.667.2747872357.202342341425106,1.3.6.1.4.1.14519.5.2.1.2932.1975.168551500723160728194375201418
106,1.2.826.0.1.534147.667.2747872357.2023499383119.4,1.3.6.1.4.1.14519.5.2.1.3320.3273.130865347581265276519376328445
107,1.2.826.0.1.534147.667.2747872357.20234234143651.4,1.3.6.1.4.1.14519.5.2.1.2932.1975.168551500723160728194375201418
108,1.2.826.0.1.534147.667.2747872357.202349121614906,1.3.6.1.4.1.14519.5.2.1.4801.2626.570843491061959582821453237501
109,1.2.826.0.1.534147.667.2747872357.2023418113758364.4,1.3.6.1.4.1.14519.5.2.1.3320.3273.249420153362450518163083487308
110,1.2.826.0.1.534147.667.2747872357.202341753327367.4,1.3.6.1.4.1.14519.5.2.1.3320.3273.320741103272284549227433508770
111,1.2.826.0.1.534147.667.2747872357.202349102525240.4,1.3.6.1.4.1.14519.5.2.1.3320.3273.305154696388083375876287039420
112,1.2.826.0.1.534147.667.2747872357.202341882842591.4,1.3.6.1.4.1.14519.5.2.1.3320.3273.237296576381963650580060940890
113,1.2.826.0.1.534147.756.812677238.202321643150835,1.3.6.1.4.1.14519.5.2.1.6450.2626.309816090474237402807615134132
114,1.2.826.0.1.534147.756.812677238.202322174746129.4,1.3.6.1.4.1.14519.5.2.1.3320.3273.506045613014235944704761201538
115,1.2.826.0.1.534147.667.2747872357.2023410113718264.4,1.3.6.1.4.1.14519.5.2.1.3320.3273.375213686429803044207370733830
116,1.2.826.0.1.534147.667.2747872357.20234184206381.4,1.3.6.1.4.1.14519.5.2.1.3320.3273.296276484090809571878638305544
117,1.2.826.0.1.534147.756.812677238.202322075259606.4,1.3.6.1.4.1.14519.5.2.1.7085.2626.186575867312262391517337474433
118,1.2.826.0.1.534147.756.812677238.202321751220156.4,1.3.6.1.4.1.14519.5.2.1.4801.2626.202324864800310191730518327015
119,1.2.826.0.1.534147.667.2747872357.20234993724906.4,1.3.6.1.4.1.14519.5.2.1.3320.3273.130865347581265276519376328445
120,1.2.826.0.1.534147.667.2747872357.2023410115219242,1.3.6.1.4.1.14519.5.2.1.3320.3273.247387287838180663723955238393
121,1.2.826.0.1.534147.667.2747872357.20234234204115.4,1.3.6.1.4.1.14519.5.2.1.3320.3273.826215710299104175085419588649
122,1.2.826.0.1.534147.667.2747872357.202341761018754,1.3.6.1.4.1.14519.5.2.1.3320.3273.320872437930354676331921321192
123,1.2.826.0.1.534147.667.2747872357.202341891949418.4,1.3.6.1.4.1.14519.5.2.1.3320.3273.500213151466468688863723131993
124,1.2.826.0.1.534147.756.812677238.202321791244817,1.3.6.1.4.1.14519.5.2.1.3320.3273.177064806594578360939191297029
125,1.2.826.0.1.534147.667.2747872357.202341762043108.4,1.3.6.1.4.1.14519.5.2.1.3320.3273.137221527542972395435741470885
126,1.2.826.0.1.534147.667.2747872357.202341841913824.4,1.3.6.1.4.1.14519.5.2.1.3320.3273.888176968157415828580678670347
127,1.2.826.0.1.534147.667.2747872357.20234187192689.4,1.3.6.1.4.1.14519.5.2.1.3320.3273.121198314514524983612153653270
128,1.2.826.0.1.534147.756.812677238.202322075311219.4,1.3.6.1.4.1.14519.5.2.1.7085.2626.186575867312262391517337474433
129,1.2.826.0.1.534147.667.2747872357.202341011351532.4,1.3.6.1.4.1.14519.5.2.1.3320.3273.239288757420721846669672568430
130,1.2.826.0.1.534147.667.2747872357.2023416121210900.4,1.3.6.1.4.1.14519.5.2.1.3320.3273.986866341203788050349457494811
131,1.2.826.0.1.534147.667.2747872357.20234184261284,1.3.6.1.4.1.14519.5.2.1.3320.3273.345048947633832890244367924506
132,1.2.826.0.1.534147.667.2747872357.202341865249228,1.3.6.1.4.1.14519.5.2.1.3320.3273.394340194846934197074950854796
133,1.2.826.0.1.534147.756.812677238.2023216105548409.4,1.3.6.1.4.1.14519.5.2.1.7085.2626.106800137320950870150015285994
134,1.2.826.0.1.534147.756.812677238.2023216105530466.4,1.3.6.1.4.1.14519.5.2.1.7085.2626.106800137320950870150015285994
135,1.2.826.0.1.534147.667.2747872357.202341841438617.4,1.3.6.1.4.1.14519.5.2.1.3320.3273.216679218136814728866698678924
136,1.2.826.0.1.534147.667.2747872357.20234184331912.4,1.3.6.1.4.1.14519.5.2.1.3320.3273.130644819815356697899228251012
137,1.2.826.0.1.534147.667.2747872357.202349101734186.4,1.3.6.1.4.1.14519.5.2.1.3320.3273.149365933435969253361375377868
138,1.2.826.0.1.534147.667.2747872357.202341052818150.1,1.3.6.1.4.1.14519.5.2.1.3320.3273.172666632849091003363024888506
139,1.2.826.0.1.534147.667.2747872357.2023410113453110.4,1.3.6.1.4.1.14519.5.2.1.3320.3273.239288757420721846669672568430
140,1.2.826.0.1.534147.667.2747872357.20234101137468,1.3.6.1.4.1.14519.5.2.1.3320.3273.176887952793208589917684952171
141,1.2.826.0.1.534147.667.2747872357.202349121626272.4,1.3.6.1.4.1.14519.5.2.1.4801.2626.570843491061959582821453237501
142,1.2.826.0.1.534147.667.2747872357.202341843653313.4,1.3.6.1.4.1.14519.5.2.1.7085.2626.304004672518821933835703147431
143,1.2.826.0.1.534147.667.2747872357.20234184218792.4,1.3.6.1.4.1.14519.5.2.1.3320.3273.296276484090809571878638305544
144,1.2.826.0.1.534147.756.812677238.20232216427803.4,1.3.6.1.4.1.14519.5.2.1.3320.3273.786999274952462621466700371361
145,1.2.826.0.1.534147.667.2747872357.2023418115223918.4,1.3.6.1.4.1.14519.5.2.1.3320.3273.555740481842708422953723027549
146,1.2.826.0.1.534147.667.2747872357.202342342654790.4,1.3.6.1.4.1.14519.5.2.1.3320.3273.219141397286888822047176241446
147,1.2.826.0.1.534147.667.2747872357.20234186849449.4,1.3.6.1.4.1.14519.5.2.1.3320.3273.155546463681796300861564115558
148,1.2.826.0.1.534147.667.2747872357.202341872234271.4,1.3.6.1.4.1.14519.5.2.1.3320.3273.319647067128888697978585275539
149,1.2.826.0.1.534147.667.2747872357.202341861039629.4,1.3.6.1.4.1.14519.5.2.1.3320.3273.319052108021169688020664998828
150,1.2.826.0.1.534147.667.2747872357.202341841430305,1.3.6.1.4.1.14519.5.2.1.3320.3273.216679218136814728866698678924
151,1.2.826.0.1.534147.756.812677238.202321661747714,1.3.6.1.4.1.14519.5.2.1.6450.2626.163046506402133786636034775541
152,1.2.826.0.1.534147.756.812677238.2023216122634624,1.3.6.1.4.1.14519.5.2.1.4801.2626.290028959625470204870593867916
153,1.2.826.0.1.534147.667.2747872357.202341011543541,1.3.6.1.4.1.14519.5.2.1.3320.3273.148397080524415309423388290664
154,1.2.826.0.1.534147.667.2747872357.2023418922117.4,1.3.6.1.4.1.14519.5.2.1.3320.3273.104693064074623028765098474389
155,1.2.826.0.1.534147.667.2747872357.202341842413132,1.3.6.1.4.1.14519.5.2.1.3320.3273.159321015186912823082383329741
156,1.2.826.0.1.534147.667.2747872357.202341765211714.4,1.3.6.1.4.1.14519.5.2.1.4801.2626.570843491061959582821453237501
157,1.2.826.0.1.534147.685.39692665.202344105141851.4,1.3.6.1.4.1.14519.5.2.1.3320.3273.188448273267802303071810457897
158,1.2.826.0.1.534147.667.2747872357.20234176175954.4,1.3.6.1.4.1.14519.5.2.1.3320.3273.379388240572217758318107782046
159,1.2.826.0.1.534147.756.812677238.202332192533586.4,1.3.6.1.4.1.14519.5.2.1.7085.2626.333441789555064875806274328553
160,1.2.826.0.1.534147.756.812677238.202321762745415.4,1.3.6.1.4.1.14519.5.2.1.3320.3273.132510306663008261950186272810
161,1.2.826.0.1.534147.667.2747872357.202341884510230.4,1.3.6.1.4.1.14519.5.2.1.3320.3273.262151679495301736319899224774
162,1.2.826.0.1.534147.667.2747872357.202349114529589.4,1.3.6.1.4.1.14519.5.2.1.3320.3273.335398228984321812022054993657
163,1.2.826.0.1.534147.756.812677238.20233126594641.4,1.3.6.1.4.1.14519.5.2.1.6450.2626.163046506402133786636034775541
164,1.2.826.0.1.534147.667.2747872357.202342551040673.4,1.3.6.1.4.1.14519.5.2.1.4801.5885.123301754313855310838744886785
165,1.2.826.0.1.534147.667.2747872357.202342341447415,1.3.6.1.4.1.14519.5.2.1.2932.1975.168551500723160728194375201418
166,1.2.826.0.1.534147.756.812677238.202321764453503.4,1.3.6.1.4.1.14519.5.2.1.3320.3273.117777317546309115661840185576
167,1.2.826.0.1.534147.667.2747872357.20234911451137.4,1.3.6.1.4.1.14519.5.2.1.3320.3273.335398228984321812022054993657
168,1.2.826.0.1.534147.667.2747872357.202341861056382.4,1.3.6.1.4.1.14519.5.2.1.3320.3273.319052108021169688020664998828
169,1.2.826.0.1.534147.667.2747872357.20234188456408.4,1.3.6.1.4.1.14519.5.2.1.3320.3273.271353680951619751250541259686
170,1.2.826.0.1.534147.667.2747872357.202341810743548.4,1.3.6.1.4.1.14519.5.2.1.7085.2626.338235059497711806423177660850
171,1.2.826.0.1.534147.667.2747872357.202341842046126.4,1.3.6.1.4.1.14519.5.2.1.3320.3273.296276484090809571878638305544
172,1.2.826.0.1.534147.667.2747872357.202341842423282.4,1.3.6.1.4.1.14519.5.2.1.3320.3273.159321015186912823082383329741
173,1.2.826.0.1.534147.667.2747872357.20234167133897.4,1.3.6.1.4.1.14519.5.2.1.3320.3273.640234065304537451421625306665
174,1.2.826.0.1.534147.756.812677238.202322013174926,1.3.6.1.4.1.14519.5.2.1.3320.3273.305689263909292352850597569594
175,1.2.826.0.1.534147.667.2747872357.2023410102427254,1.3.6.1.4.1.14519.5.2.1.3320.3273.283780102843445725673858389364
176,1.2.826.0.1.534147.667.2747872357.202341810730342.4,1.3.6.1.4.1.14519.5.2.1.7085.2626.338235059497711806423177660850
177,1.2.826.0.1.534147.667.2747872357.202341765750432.4,1.3.6.1.4.1.14519.5.2.1.3320.3273.171965703989976889604372803492
178,1.2.826.0.1.534147.756.812677238.20232165492668.4,1.3.6.1.4.1.14519.5.2.1.6450.2626.290832215777737101006478843090
179,1.2.826.0.1.534147.667.2747872357.202341872547646.4,1.3.6.1.4.1.14519.5.2.1.3320.3273.163300744853615327253855692379
180,1.2.826.0.1.534147.667.2747872357.20234187517308.4,1.3.6.1.4.1.14519.5.2.1.3320.3273.445251907711348121577337243501
181,1.2.826.0.1.534147.685.39692665.20234475054286.4,1.3.6.1.4.1.14519.5.2.1.3320.3273.640234065304537451421625306665
182,1.2.826.0.1.534147.756.812677238.2023220104222156.4,1.3.6.1.4.1.14519.5.2.1.7085.2626.304004672518821933835703147431
183,1.2.826.0.1.534147.667.2747872357.20234175558960.4,1.3.6.1.4.1.14519.5.2.1.6450.2626.250314829841687664772545733428
184,1.2.826.0.1.534147.667.2747872357.2023410102410222.4,1.3.6.1.4.1.14519.5.2.1.3320.3273.283780102843445725673858389364
185,1.2.826.0.1.534147.756.812677238.2023221105629818.4,1.3.6.1.4.1.14519.5.2.1.3320.3273.332358155840575253730099790575
186,1.2.826.0.1.534147.756.812677238.202332192326157.4,1.3.6.1.4.1.14519.5.2.1.7085.2626.333441789555064875806274328553
187,1.2.826.0.1.534147.667.2747872357.2023410115033250.4,1.3.6.1.4.1.14519.5.2.1.3320.3273.604919721621150885827679917514
188,1.2.826.0.1.534147.667.2747872357.202341764330841,1.3.6.1.4.1.14519.5.2.1.3320.3273.127730596722855865303617768929
189,1.2.826.0.1.534147.667.2747872357.2023499510537.4,1.3.6.1.4.1.14519.5.2.1.3320.3273.113014310655332147315573993147
190,1.2.826.0.1.534147.756.812677238.202321512162826.4,1.3.6.1.4.1.14519.5.2.1.6450.2626.194314977779821329121580893978
191,1.2.826.0.1.534147.667.2747872357.20234964431598,1.3.6.1.4.1.14519.5.2.1.6450.2626.317958908668757458079239354236
192,1.2.826.0.1.534147.756.812677238.2023221103526759.4,1.3.6.1.4.1.14519.5.2.1.3320.3273.136466896418050781700942594559
193,1.2.826.0.1.534147.667.2747872357.20234234203896.4,1.3.6.1.4.1.14519.5.2.1.3320.3273.318693491705680886192832803644
194,1.2.826.0.1.534147.667.2747872357.20234186440644.4,1.3.6.1.4.1.14519.5.2.1.3320.3273.123358305771673636685651825585
195,1.2.826.0.1.534147.667.2747872357.2023410113754834,1.3.6.1.4.1.14519.5.2.1.3320.3273.176887952793208589917684952171
196,1.2.826.0.1.534147.685.39692665.2023447503557.4,1.3.6.1.4.1.14519.5.2.1.3320.3273.640234065304537451421625306665
197,1.2.826.0.1.534147.667.2747872357.20234176933127.4,1.3.6.1.4.1.14519.5.2.1.3320.3273.317795695959738065468719340397
198,1.2.826.0.1.534147.667.2747872357.202341872127620.4,1.3.6.1.4.1.14519.5.2.1.3320.3273.584949543564768758507744475608
199,1.2.826.0.1.534147.667.2747872357.202341694431552.3,1.3.6.1.4.1.14519.5.2.1.3320.3273.322088336287773765930435339916
200,1.2.826.0.1.534147.667.2747872357.20234984217220,1.3.6.1.4.1.14519.5.2.1.3320.3273.245319539845097553047854562985
201,1.2.826.0.1.534147.667.2747872357.20234984156355.4,1.3.6.1.4.1.14519.5.2.1.3320.3273.245319539845097553047854562985
202,1.2.826.0.1.534147.667.2747872357.202341843713857.4,1.3.6.1.4.1.14519.5.2.1.7085.2626.304004672518821933835703147431
203,1.2.826.0.1.534147.667.2747872357.2023410115629610.4,1.3.6.1.4.1.14519.5.2.1.3320.3273.336438995720716819542437823621
204,1.2.826.0.1.534147.756.812677238.2023220131718873.4,1.3.6.1.4.1.14519.5.2.1.3320.3273.305689263909292352850597569594
205,1.2.826.0.1.534147.756.812677238.202321612940261,1.3.6.1.4.1.14519.5.2.1.7085.2626.843937073923484147625934797916
206,1.2.826.0.1.534147.685.39692665.202344111659589.4,1.3.6.1.4.1.14519.5.2.1.3320.3273.739899384334702173325440795020
207,1.2.826.0.1.534147.756.812677238.2023320124753715.4,1.3.6.1.4.1.14519.5.2.1.6450.2626.161489383350795945691780745489
208,1.2.826.0.1.534147.667.2747872357.202341864213572.4,1.3.6.1.4.1.14519.5.2.1.3320.3273.328580944778142717773134931305
209,1.2.826.0.1.534147.756.812677238.202332012484826.4,1.3.6.1.4.1.14519.5.2.1.6450.2626.161489383350795945691780745489
210,1.2.826.0.1.534147.667.2747872357.202341765611267.4,1.3.6.1.4.1.14519.5.2.1.3320.3273.171948866529720557456619613733
211,1.2.826.0.1.534147.667.2747872357.202341755458746,1.3.6.1.4.1.14519.5.2.1.6450.2626.250314829841687664772545733428
212,1.2.826.0.1.534147.667.2747872357.202341895440376.4,1.3.6.1.4.1.14519.5.2.1.3320.3273.490626106271664447786132469461
213,1.2.826.0.1.534147.667.2747872357.2023417105855609.4,1.3.6.1.4.1.14519.5.2.1.3320.3273.139918461325116545632701288080
214,1.2.826.0.1.534147.667.2747872357.20234964940567.4,1.3.6.1.4.1.14519.5.2.1.3320.3273.314660043955077974216257446879
215,1.2.826.0.1.534147.667.2747872357.2023410115425740.4,1.3.6.1.4.1.14519.5.2.1.3320.3273.148397080524415309423388290664
216,1.2.826.0.1.534147.756.812677238.202321557432.4,1.3.6.1.4.1.14519.5.2.1.6450.2626.161489383350795945691780745489
217,1.2.826.0.1.534147.756.812677238.20232217734864.4,1.3.6.1.4.1.14519.5.2.1.7085.2626.317558302523691636342751498531
218,1.2.826.0.1.534147.667.2747872357.2023410105037560,1.3.6.1.4.1.14519.5.2.1.6450.2626.285082133224799694128447555168
219,1.2.826.0.1.534147.667.2747872357.2023418121545437.4,1.3.6.1.4.1.14519.5.2.1.3320.3273.238048817444625069454964024817
220,1.2.826.0.1.534147.667.2747872357.202341893932602.4,1.3.6.1.4.1.14519.5.2.1.7085.2626.172141566967740391113157735015
221,1.2.826.0.1.534147.667.2747872357.202342341254268.4,1.3.6.1.4.1.14519.5.2.1.2932.1975.300655352220655674038538538060
222,1.2.826.0.1.534147.667.2747872357.202341872258704.4,1.3.6.1.4.1.14519.5.2.1.3320.3273.319647067128888697978585275539
223,1.2.826.0.1.534147.667.2747872357.202341851657687.4,1.3.6.1.4.1.14519.5.2.1.3320.3273.149420815910084302411699153445
224,1.2.826.0.1.534147.667.2747872357.202341812725152.4,1.3.6.1.4.1.14519.5.2.1.3320.3273.240388187655751822876406615869
225,1.2.826.0.1.534147.667.2747872357.20234186275554.4,1.3.6.1.4.1.14519.5.2.1.3320.3273.237120913844584396955049625167
226,1.2.826.0.1.534147.667.2747872357.20234101053671.4,1.3.6.1.4.1.14519.5.2.1.6450.2626.285082133224799694128447555168
227,1.2.826.0.1.534147.756.812677238.202331285339711.4,1.3.6.1.4.1.14519.5.2.1.6450.2626.256334111606532510523733903012
228,1.2.826.0.1.534147.667.2747872357.202341844027974.4,1.3.6.1.4.1.14519.5.2.1.2932.1975.211386848964701272126371792292
229,1.2.826.0.1.534147.667.2747872357.2023410115839796.4,1.3.6.1.4.1.14519.5.2.1.3320.3273.106630499164472235614285948703
230,1.2.826.0.1.534147.667.2747872357.2023417102334707,1.3.6.1.4.1.14519.5.2.1.3320.3273.304180034518974746362074180511
231,1.2.826.0.1.534147.667.2747872357.2023417124139968.4,1.3.6.1.4.1.14519.5.2.1.3320.3273.495307898587297361726107335098
232,1.2.826.0.1.534147.667.2747872357.2023410115233374.4,1.3.6.1.4.1.14519.5.2.1.3320.3273.247387287838180663723955238393
233,1.2.826.0.1.534147.667.2747872357.20234174473563.4,1.3.6.1.4.1.14519.5.2.1.3320.3273.291456967750141512790017382037
234,1.2.826.0.1.534147.667.2747872357.202341841235277.4,1.3.6.1.4.1.14519.5.2.1.3320.3273.295282030153621811885379523972
235,1.2.826.0.1.534147.756.812677238.20233128531522.4,1.3.6.1.4.1.14519.5.2.1.6450.2626.256334111606532510523733903012
236,1.2.826.0.1.534147.667.2747872357.202341011564199.4,1.3.6.1.4.1.14519.5.2.1.3320.3273.336438995720716819542437823621
237,1.2.826.0.1.534147.667.2747872357.202341871914348.4,1.3.6.1.4.1.14519.5.2.1.3320.3273.121198314514524983612153653270
238,1.2.826.0.1.534147.667.2747872357.2023410115252353.4,1.3.6.1.4.1.14519.5.2.1.3320.3273.247387287838180663723955238393
239,1.2.826.0.1.534147.667.2747872357.202341882953222.4,1.3.6.1.4.1.14519.5.2.1.3320.3273.337967865269381073516053836012
240,1.2.826.0.1.534147.667.2747872357.2023410115639904.4,1.3.6.1.4.1.14519.5.2.1.3320.3273.336438995720716819542437823621
241,1.2.826.0.1.534147.667.2747872357.202341862122969.4,1.3.6.1.4.1.14519.5.2.1.3320.3273.122033892812951388045370021868
242,1.2.826.0.1.534147.667.2747872357.202341012020926.4,1.3.6.1.4.1.14519.5.2.1.3320.3273.744668010473007095891248763817
243,1.2.826.0.1.534147.667.2747872357.202341761427504.4,1.3.6.1.4.1.14519.5.2.1.3320.3273.236171367319979982621252500102
244,1.2.826.0.1.534147.667.2747872357.20234176213714.4,1.3.6.1.4.1.14519.5.2.1.3320.3273.137221527542972395435741470885
245,1.2.826.0.1.534147.667.2747872357.202341075720150.4,1.3.6.1.4.1.14519.5.2.1.7085.2626.304004672518821933835703147431
246,1.2.826.0.1.534147.667.2747872357.202342342030201.4,1.3.6.1.4.1.14519.5.2.1.3320.3273.826215710299104175085419588649
247,1.2.826.0.1.534147.667.2747872357.202341764217361.4,1.3.6.1.4.1.14519.5.2.1.3320.3273.232581839710687057436261891026
248,1.2.826.0.1.534147.756.812677238.2023221554158.4,1.3.6.1.4.1.14519.5.2.1.3320.3273.314660043955077974216257446879
249,1.2.826.0.1.534147.667.2747872357.202341842549255.4,1.3.6.1.4.1.14519.5.2.1.3320.3273.345048947633832890244367924506
250,1.2.826.0.1.534147.756.812677238.202321714456101.4,1.3.6.1.4.1.14519.5.2.1.3320.3273.977479172467729215900970860323
251,1.2.826.0.1.534147.667.2747872357.202341865051.4,1.3.6.1.4.1.14519.5.2.1.3320.3273.905532954697902671927293889394
252,1.2.826.0.1.534147.667.2747872357.202341755813582.4,1.3.6.1.4.1.14519.5.2.1.6450.2626.319969109938021413988597219780
253,1.2.826.0.1.534147.667.2747872357.202341865839647.4,1.3.6.1.4.1.14519.5.2.1.3320.3273.101404152589077388938334471238
254,1.2.826.0.1.534147.667.2747872357.202341862320302.4,1.3.6.1.4.1.14519.5.2.1.3320.3273.223285112414980502383824468512
255,1.2.826.0.1.534147.667.2747872357.202341872245674,1.3.6.1.4.1.14519.5.2.1.3320.3273.319647067128888697978585275539
256,1.2.826.0.1.534147.667.2747872357.20234184353509.4,1.3.6.1.4.1.14519.5.2.1.3320.3273.130644819815356697899228251012
257,1.2.826.0.1.534147.667.2747872357.2023418104123366.4,1.3.6.1.4.1.14519.5.2.1.3320.3273.280318622037890402488678539382
258,1.2.826.0.1.534147.667.2747872357.202341671319194.4,1.3.6.1.4.1.14519.5.2.1.3320.3273.640234065304537451421625306665
259,1.2.826.0.1.534147.756.812677238.2023216122556199.4,1.3.6.1.4.1.14519.5.2.1.4801.2626.290028959625470204870593867916
260,1.2.826.0.1.534147.667.2747872357.2023417102314464.4,1.3.6.1.4.1.14519.5.2.1.3320.3273.304180034518974746362074180511
261,1.2.826.0.1.534147.685.39692665.202344111648670.4,1.3.6.1.4.1.14519.5.2.1.3320.3273.739899384334702173325440795020
262,1.2.826.0.1.534147.667.2747872357.202341862559381.4,1.3.6.1.4.1.14519.5.2.1.3320.3273.127615180138469201308667011666
263,1.2.826.0.1.534147.667.2747872357.20234993828452.4,1.3.6.1.4.1.14519.5.2.1.3320.3273.130865347581265276519376328445
264,1.2.826.0.1.534147.667.2747872357.20234188294248.4,1.3.6.1.4.1.14519.5.2.1.3320.3273.337967865269381073516053836012
265,1.2.826.0.1.534147.667.2747872357.202341042521251.4,1.3.6.1.4.1.14519.5.2.1.3320.3273.302233256095445529576614252968
266,1.2.826.0.1.534147.667.2747872357.202349101751272.4,1.3.6.1.4.1.14519.5.2.1.3320.3273.149365933435969253361375377868
267,1.2.826.0.1.534147.667.2747872357.202341765535459.4,1.3.6.1.4.1.14519.5.2.1.3320.3273.306553213746532003247964231657
268,1.2.826.0.1.534147.667.2747872357.202341871937364.4,1.3.6.1.4.1.14519.5.2.1.3320.3273.121198314514524983612153653270
269,1.2.826.0.1.534147.667.2747872357.202341842156567.4,1.3.6.1.4.1.14519.5.2.1.3320.3273.270193856133403498423505463377
270,1.2.826.0.1.534147.667.2747872357.202341610130446.4,1.3.6.1.4.1.14519.5.2.1.3320.3273.298981864182231473999138682524
271,1.2.826.0.1.534147.667.2747872357.2023416101247604.4,1.3.6.1.4.1.14519.5.2.1.3320.3273.298981864182231473999138682524
272,1.2.826.0.1.534147.667.2747872357.2023410113637834.4,1.3.6.1.4.1.14519.5.2.1.3320.3273.189044205602695178642217499072
273,1.2.826.0.1.534147.667.2747872357.2023410122039114.4,1.3.6.1.4.1.14519.5.2.1.3320.3273.293928889782718450964844733812
274,1.2.826.0.1.534147.667.2747872357.2023423413696.4,1.3.6.1.4.1.14519.5.2.1.2932.1975.300655352220655674038538538060
275,1.2.826.0.1.534147.667.2747872357.202341865053310.4,1.3.6.1.4.1.14519.5.2.1.3320.3273.318208224528067623013399966463
276,1.2.826.0.1.534147.667.2747872357.202341754623411.4,1.3.6.1.4.1.14519.5.2.1.3320.3273.246689797185865025313794549187
277,1.2.826.0.1.534147.756.812677238.20233215350652.4,1.3.6.1.4.1.14519.5.2.1.6450.2626.204026129445138720732694958360
278,1.2.826.0.1.534147.667.2747872357.202341755823546.4,1.3.6.1.4.1.14519.5.2.1.6450.2626.319969109938021413988597219780
279,1.2.826.0.1.534147.667.2747872357.2023410113947652.4,1.3.6.1.4.1.14519.5.2.1.3320.3273.331868584380589281171624137296
280,1.2.826.0.1.534147.667.2747872357.202341841312297.4,1.3.6.1.4.1.14519.5.2.1.3320.3273.319792872768332981346184548626
281,1.2.826.0.1.534147.667.2747872357.20234184225997.4,1.3.6.1.4.1.14519.5.2.1.3320.3273.270193856133403498423505463377
282,1.2.826.0.1.534147.667.2747872357.202341894755596.4,1.3.6.1.4.1.14519.5.2.1.3320.3273.643148143914528023614686743302
283,1.2.826.0.1.534147.667.2747872357.20234101143648.4,1.3.6.1.4.1.14519.5.2.1.3320.3273.155299729586211911341059297882
284,1.2.826.0.1.534147.667.2747872357.2023418103350902,1.3.6.1.4.1.14519.5.2.1.3320.3273.610368519215364204916014630011
285,1.2.826.0.1.534147.667.2747872357.2023410115618951,1.3.6.1.4.1.14519.5.2.1.3320.3273.336438995720716819542437823621
286,1.2.826.0.1.534147.667.2747872357.2023418104936356.4,1.3.6.1.4.1.14519.5.2.1.3320.3273.324542133525302467986266813043
287,1.2.826.0.1.534147.667.2747872357.202341042540165.4,1.3.6.1.4.1.14519.5.2.1.3320.3273.302233256095445529576614252968
288,1.2.826.0.1.534147.756.812677238.202322052519237,1.3.6.1.4.1.14519.5.2.1.3320.3273.239065182527330983349885559665
289,1.2.826.0.1.534147.667.2747872357.20234187426958.4,1.3.6.1.4.1.14519.5.2.1.3320.3273.161635467129565058574139274208
290,1.2.826.0.1.534147.667.2747872357.20234176564390.4,1.3.6.1.4.1.14519.5.2.1.3320.3273.293995398519948326248613223951
291,1.2.826.0.1.534147.667.2747872357.20234188443962.4,1.3.6.1.4.1.14519.5.2.1.3320.3273.271353680951619751250541259686
292,1.2.826.0.1.534147.756.812677238.2023221103716397.4,1.3.6.1.4.1.14519.5.2.1.3320.3273.136466896418050781700942594559
293,1.2.826.0.1.534147.756.812677238.2023215101015716.4,1.3.6.1.4.1.14519.5.2.1.6450.2626.969722976888390674310134114140
294,1.2.826.0.1.534147.667.2747872357.202341872523385.4,1.3.6.1.4.1.14519.5.2.1.3320.3273.163300744853615327253855692379
295,1.2.826.0.1.534147.756.812677238.20232164327749.4,1.3.6.1.4.1.14519.5.2.1.6450.2626.309816090474237402807615134132
296,1.2.826.0.1.534147.685.39692665.202345123515391,1.3.6.1.4.1.14519.5.2.1.3320.3273.115439996586354655590328567282
297,1.2.826.0.1.534147.667.2747872357.202341694417745,1.3.6.1.4.1.14519.5.2.1.3320.3273.322088336287773765930435339916
298,1.2.826.0.1.534147.667.2747872357.20234176918448.4,1.3.6.1.4.1.14519.5.2.1.3320.3273.317795695959738065468719340397
299,1.2.826.0.1.534147.667.2747872357.202341895411710.4,1.3.6.1.4.1.14519.5.2.1.3320.3273.228603804126666641509022815954
300,1.2.826.0.1.534147.667.2747872357.202341755531285.4,1.3.6.1.4.1.14519.5.2.1.6450.2626.250314829841687664772545733428
301,1.2.826.0.1.534147.667.2747872357.2023417685487,1.3.6.1.4.1.14519.5.2.1.3320.3273.317795695959738065468719340397
302,1.2.826.0.1.534147.667.2747872357.20234187418354.4,1.3.6.1.4.1.14519.5.2.1.3320.3273.161635467129565058574139274208
303,1.2.826.0.1.534147.667.2747872357.20234187253996.4,1.3.6.1.4.1.14519.5.2.1.3320.3273.221201878720019032560973616162
304,1.2.826.0.1.534147.756.812677238.202321510544992.4,1.3.6.1.4.1.14519.5.2.1.6450.2626.149528252522540515405945191935
305,1.2.826.0.1.534147.667.2747872357.2023498372184.4,1.3.6.1.4.1.14519.5.2.1.3320.3273.816363418607154953501789294021
306,1.2.826.0.1.534147.667.2747872357.20234176755954.4,1.3.6.1.4.1.14519.5.2.1.3320.3273.325639011825307456513083500747
307,1.2.826.0.1.534147.667.2747872357.20234965914934.4,1.3.6.1.4.1.14519.5.2.1.3320.3273.172652785937928088789284303266
308,1.2.826.0.1.534147.667.2747872357.202341812428680.4,1.3.6.1.4.1.14519.5.2.1.3320.3273.113395547087813559399015751650
309,1.2.826.0.1.534147.667.2747872357.202341895349793.4,1.3.6.1.4.1.14519.5.2.1.3320.3273.153325629664373731868763642919
310,1.2.826.0.1.534147.667.2747872357.202341854929417.4,1.3.6.1.4.1.14519.5.2.1.3320.3273.269724148495487136645812624181
311,1.2.826.0.1.534147.756.812677238.20232155556634.4,1.3.6.1.4.1.14519.5.2.1.6450.2626.161489383350795945691780745489
312,1.2.826.0.1.534147.667.2747872357.202341811592439.4,1.3.6.1.4.1.14519.5.2.1.3320.3273.900127635044948990254512567680
313,1.2.826.0.1.534147.667.2747872357.202341882645292.4,1.3.6.1.4.1.14519.5.2.1.3320.3273.300429052171641245146725108340
314,1.2.826.0.1.534147.667.2747872357.202341864642187.4,1.3.6.1.4.1.14519.5.2.1.3320.3273.328580944778142717773134931305
315,1.2.826.0.1.534147.667.2747872357.2023410115537603.4,1.3.6.1.4.1.14519.5.2.1.3320.3273.336438995720716819542437823621
316,1.2.826.0.1.534147.667.2747872357.20234176562932.4,1.3.6.1.4.1.14519.5.2.1.3320.3273.171948866529720557456619613733
317,1.2.826.0.1.534147.667.2747872357.2023410115058299.4,1.3.6.1.4.1.14519.5.2.1.3320.3273.604919721621150885827679917514
318,1.2.826.0.1.534147.667.2747872357.202341872051638.4,1.3.6.1.4.1.14519.5.2.1.3320.3273.584949543564768758507744475608
319,1.2.826.0.1.534147.667.2747872357.20234187331532.4,1.3.6.1.4.1.14519.5.2.1.3320.3273.321074124440126953399096652168
320,1.2.826.0.1.534147.667.2747872357.2023418102921411.4,1.3.6.1.4.1.14519.5.2.1.4801.5885.493269619717690462791613458355
321,1.2.826.0.1.534147.667.2747872357.202341692644955.4,1.3.6.1.4.1.14519.5.2.1.3320.3273.849447870331275936790090831462
322,1.2.826.0.1.534147.667.2747872357.20234176426850.4,1.3.6.1.4.1.14519.5.2.1.3320.3273.232581839710687057436261891026
323,1.2.826.0.1.534147.667.2747872357.2023418115214995.4,1.3.6.1.4.1.14519.5.2.1.3320.3273.555740481842708422953723027549
324,1.2.826.0.1.534147.667.2747872357.202341761443427.4,1.3.6.1.4.1.14519.5.2.1.3320.3273.236171367319979982621252500102
325,1.2.826.0.1.534147.667.2747872357.202341893556302.4,1.3.6.1.4.1.14519.5.2.1.3320.3273.228603804126666641509022815954
326,1.2.826.0.1.534147.667.2747872357.20234189243597.4,1.3.6.1.4.1.14519.5.2.1.3320.3273.104693064074623028765098474389
327,1.2.826.0.1.534147.756.812677238.202321764427854.4,1.3.6.1.4.1.14519.5.2.1.3320.3273.117777317546309115661840185576
328,1.2.826.0.1.534147.667.2747872357.20234176522770.4,1.3.6.1.4.1.14519.5.2.1.4801.2626.570843491061959582821453237501
329,1.2.826.0.1.534147.667.2747872357.202341764245246.4,1.3.6.1.4.1.14519.5.2.1.3320.3273.173876944984890454531469263361
330,1.2.826.0.1.534147.667.2747872357.20234186836914.4,1.3.6.1.4.1.14519.5.2.1.3320.3273.155546463681796300861564115558
331,1.2.826.0.1.534147.667.2747872357.20234186826472,1.3.6.1.4.1.14519.5.2.1.3320.3273.155546463681796300861564115558
332,1.2.826.0.1.534147.756.812677238.2023320131631761.4,1.3.6.1.4.1.14519.5.2.1.6450.2626.149528252522540515405945191935
333,1.2.826.0.1.534147.667.2747872357.202341872028641.4,1.3.6.1.4.1.14519.5.2.1.3320.3273.584949543564768758507744475608
334,1.2.826.0.1.534147.756.812677238.202322013110166.4,1.3.6.1.4.1.14519.5.2.1.3320.3273.118863937993824093197541524758
335,1.2.826.0.1.534147.667.2747872357.202342342119301.4,1.3.6.1.4.1.14519.5.2.1.3320.3273.202350348694735393640743895146
336,1.2.826.0.1.534147.667.2747872357.202341765014998,1.3.6.1.4.1.14519.5.2.1.4801.2626.570843491061959582821453237501
337,1.2.826.0.1.534147.667.2747872357.20234176157200.4,1.3.6.1.4.1.14519.5.2.1.3320.3273.236171367319979982621252500102
338,1.2.826.0.1.534147.667.2747872357.202341842437211.4,1.3.6.1.4.1.14519.5.2.1.3320.3273.159321015186912823082383329741
339,1.2.826.0.1.534147.685.39692665.202344105153929.4,1.3.6.1.4.1.14519.5.2.1.3320.3273.188448273267802303071810457897
340,1.2.826.0.1.534147.756.812677238.202322092734103.4,1.3.6.1.4.1.14519.5.2.1.3320.3273.227987923482464214579439526176
341,1.2.826.0.1.534147.667.2747872357.202341841829322.4,1.3.6.1.4.1.14519.5.2.1.3320.3273.888176968157415828580678670347
342,1.2.826.0.1.534147.756.812677238.202321671031158,1.3.6.1.4.1.14519.5.2.1.6450.2626.246032608851600385507133272852
343,1.2.826.0.1.534147.667.2747872357.202341864115355.4,1.3.6.1.4.1.14519.5.2.1.3320.3273.739899384334702173325440795020
344,1.2.826.0.1.534147.667.2747872357.202341872223814.4,1.3.6.1.4.1.14519.5.2.1.3320.3273.319647067128888697978585275539
345,1.2.826.0.1.534147.685.39692665.202344102524911.4,1.3.6.1.4.1.14519.5.2.1.3320.3273.307218047122277972983213156423
346,1.2.826.0.1.534147.756.812677238.202331265933739,1.3.6.1.4.1.14519.5.2.1.6450.2626.163046506402133786636034775541
347,1.2.826.0.1.534147.685.39692665.20234411428580.4,1.3.6.1.4.1.14519.5.2.1.3320.3273.172652785937928088789284303266
348,1.2.826.0.1.534147.667.2747872357.202341872214758.4,1.3.6.1.4.1.14519.5.2.1.3320.3273.486700265798241010751241929313
349,1.2.826.0.1.534147.667.2747872357.202341012205254.4,1.3.6.1.4.1.14519.5.2.1.3320.3273.293928889782718450964844733812
350,1.2.826.0.1.534147.667.2747872357.202341761921408.4,1.3.6.1.4.1.14519.5.2.1.3320.3273.185017417428656595444111996543
351,1.2.826.0.1.534147.667.2747872357.2023418113042355.4,1.3.6.1.4.1.14519.5.2.1.3320.3273.840425918641853063261696490605
352,1.2.826.0.1.534147.756.812677238.2023312854172.4,1.3.6.1.4.1.14519.5.2.1.6450.2626.256334111606532510523733903012
353,1.2.826.0.1.534147.756.812677238.202331264537879.4,1.3.6.1.4.1.14519.5.2.1.7085.2626.333441789555064875806274328553
354,1.2.826.0.1.534147.667.2747872357.202341754634966,1.3.6.1.4.1.14519.5.2.1.3320.3273.246689797185865025313794549187
355,1.2.826.0.1.534147.667.2747872357.202341861012603.4,1.3.6.1.4.1.14519.5.2.1.3320.3273.319052108021169688020664998828
356,1.2.826.0.1.534147.667.2747872357.202341884523779.4,1.3.6.1.4.1.14519.5.2.1.3320.3273.262151679495301736319899224774
357,1.2.826.0.1.534147.667.2747872357.202341864915239.4,1.3.6.1.4.1.14519.5.2.1.3320.3273.101404152589077388938334471238
358,1.2.826.0.1.534147.667.2747872357.202341841321143.4,1.3.6.1.4.1.14519.5.2.1.3320.3273.319792872768332981346184548626
359,1.2.826.0.1.534147.667.2747872357.20234187162657.4,1.3.6.1.4.1.14519.5.2.1.3320.3273.161617653065879471038758009637
360,1.2.826.0.1.534147.667.2747872357.2023410113625426.4,1.3.6.1.4.1.14519.5.2.1.3320.3273.189044205602695178642217499072
361,1.2.826.0.1.534147.667.2747872357.2023497816852.4,1.3.6.1.4.1.14519.5.2.1.3320.3273.739899384334702173325440795020
362,1.2.826.0.1.534147.667.2747872357.20234175561186.4,1.3.6.1.4.1.14519.5.2.1.6450.2626.671846967176957053841486646175
363,1.2.826.0.1.534147.667.2747872357.20234961135965.4,1.3.6.1.4.1.14519.5.2.1.3320.3273.307218047122277972983213156423
364,1.2.826.0.1.534147.667.2747872357.2023418104949239.4,1.3.6.1.4.1.14519.5.2.1.3320.3273.324542133525302467986266813043
365,1.2.826.0.1.534147.667.2747872357.202341883751705.4,1.3.6.1.4.1.14519.5.2.1.3320.3273.294385825814573236281593453713
366,1.2.826.0.1.534147.667.2747872357.202341883812470.4,1.3.6.1.4.1.14519.5.2.1.3320.3273.294385825814573236281593453713
367,1.2.826.0.1.534147.667.2747872357.202342343214444.4,1.3.6.1.4.1.14519.5.2.1.3320.3273.574298522092461435519224668739
368,1.2.826.0.1.534147.667.2747872357.20234255311329,1.3.6.1.4.1.14519.5.2.1.6450.2626.272484581928429843642115418671
369,1.2.826.0.1.534147.667.2747872357.202349115139289.4,1.3.6.1.4.1.14519.5.2.1.3320.3273.280850375429177936136375954431
370,1.2.826.0.1.534147.756.812677238.2023221124142730.4,1.3.6.1.4.1.14519.5.2.1.3320.3273.161499147737869146326915498612
371,1.2.826.0.1.534147.667.2747872357.20234255941416.4,1.3.6.1.4.1.14519.5.2.1.4801.5885.155200823648036299284764202787
372,1.2.826.0.1.534147.756.812677238.2023221124154991.4,1.3.6.1.4.1.14519.5.2.1.3320.3273.161499147737869146326915498612
373,1.2.826.0.1.534147.667.2747872357.20234255931675.4,1.3.6.1.4.1.14519.5.2.1.4801.5885.155200823648036299284764202787
374,1.2.826.0.1.534147.756.812677238.202322092721917.4,1.3.6.1.4.1.14519.5.2.1.3320.3273.227987923482464214579439526176
375,1.2.826.0.1.534147.756.812677238.20232175659495.4,1.3.6.1.4.1.14519.5.2.1.4801.2626.204469571996484265015230078222
376,1.2.826.0.1.534147.667.2747872357.202341842247694.4,1.3.6.1.4.1.14519.5.2.1.3320.3273.270193856133403498423505463377
377,1.2.826.0.1.534147.667.2747872357.2023418104138400.4,1.3.6.1.4.1.14519.5.2.1.3320.3273.280318622037890402488678539382
378,1.2.826.0.1.534147.667.2747872357.20234995035366.4,1.3.6.1.4.1.14519.5.2.1.3320.3273.113014310655332147315573993147
379,1.2.826.0.1.534147.756.812677238.2023215101047721.4,1.3.6.1.4.1.14519.5.2.1.6450.2626.969722976888390674310134114140
380,1.2.826.0.1.534147.756.812677238.2023221122040154,1.3.6.1.4.1.14519.5.2.1.3320.3273.108379031344864832689867042362
381,1.2.826.0.1.534147.667.2747872357.202341045254858.4,1.3.6.1.4.1.14519.5.2.1.3320.3273.168718519093060502504244964373
382,1.2.826.0.1.534147.667.2747872357.20234184341681.4,1.3.6.1.4.1.14519.5.2.1.3320.3273.130644819815356697899228251012
383,1.2.826.0.1.534147.667.2747872357.2023418432278.4,1.3.6.1.4.1.14519.5.2.1.3320.3273.130644819815356697899228251012
384,1.2.826.0.1.534147.667.2747872357.202342341955478.4,1.3.6.1.4.1.14519.5.2.1.3320.3273.318693491705680886192832803644
385,1.2.826.0.1.534147.756.812677238.2023216115355545.4,1.3.6.1.4.1.14519.5.2.1.7085.2626.333441789555064875806274328553
386,1.2.826.0.1.534147.756.812677238.202321714435581.4,1.3.6.1.4.1.14519.5.2.1.3320.3273.977479172467729215900970860323
387,1.2.826.0.1.534147.667.2747872357.20234175185270.4,1.3.6.1.4.1.14519.5.2.1.3320.3273.320845236278185603669365535816
388,1.2.826.0.1.534147.667.2747872357.2023416102039982.4,1.3.6.1.4.1.14519.5.2.1.3320.3273.333414726071935111617582190779
389,1.2.826.0.1.534147.667.2747872357.202341861241459.4,1.3.6.1.4.1.14519.5.2.1.3320.3273.847113625793136481497443148661
390,1.2.826.0.1.534147.667.2747872357.202341764254972,1.3.6.1.4.1.14519.5.2.1.3320.3273.173876944984890454531469263361
391,1.2.826.0.1.534147.667.2747872357.202341842030522.4,1.3.6.1.4.1.14519.5.2.1.3320.3273.296276484090809571878638305544
392,1.2.826.0.1.534147.667.2747872357.20234184205632,1.3.6.1.4.1.14519.5.2.1.3320.3273.296276484090809571878638305544
393,1.2.826.0.1.534147.667.2747872357.202341862334122.4,1.3.6.1.4.1.14519.5.2.1.3320.3273.223285112414980502383824468512
394,1.2.826.0.1.534147.667.2747872357.202341872040257.4,1.3.6.1.4.1.14519.5.2.1.3320.3273.584949543564768758507744475608
395,1.2.826.0.1.534147.667.2747872357.2023498592124.4,1.3.6.1.4.1.14519.5.2.1.3320.3273.268277113009948742897717607600
396,1.2.826.0.1.534147.667.2747872357.202341010519399.4,1.3.6.1.4.1.14519.5.2.1.6450.2626.285082133224799694128447555168
397,1.2.826.0.1.534147.667.2747872357.202341842519972.4,1.3.6.1.4.1.14519.5.2.1.3320.3273.345048947633832890244367924506
398,1.2.826.0.1.534147.756.812677238.202322174759918.4,1.3.6.1.4.1.14519.5.2.1.3320.3273.506045613014235944704761201538
399,1.2.826.0.1.534147.667.2747872357.202342341918878.4,1.3.6.1.4.1.14519.5.2.1.3320.3273.166569739262069734537759207031
400,1.2.826.0.1.534147.667.2747872357.2023499366831.4,1.3.6.1.4.1.14519.5.2.1.3320.3273.130865347581265276519376328445
401,1.2.826.0.1.534147.667.2747872357.202349113633623.4,1.3.6.1.4.1.14519.5.2.1.3320.3273.828808918148746018893576208223
402,1.2.826.0.1.534147.756.812677238.2023320135020520.4,1.3.6.1.4.1.14519.5.2.1.6450.2626.239226012595973449258104638895
403,1.2.826.0.1.534147.667.2747872357.2023410115815900.4,1.3.6.1.4.1.14519.5.2.1.3320.3273.106630499164472235614285948703
404,1.2.826.0.1.534147.756.812677238.2023217141529433.4,1.3.6.1.4.1.14519.5.2.1.3320.3273.202470432615058306140535825384
405,1.2.826.0.1.534147.756.812677238.20232166183761,1.3.6.1.4.1.14519.5.2.1.6450.2626.163046506402133786636034775541
406,1.2.826.0.1.534147.667.2747872357.202341710489422.4,1.3.6.1.4.1.14519.5.2.1.3320.3273.104130530564972784074345467702
407,1.2.826.0.1.534147.667.2747872357.20234965852238.4,1.3.6.1.4.1.14519.5.2.1.3320.3273.172652785937928088789284303266
408,1.2.826.0.1.534147.667.2747872357.202341755833795.4,1.3.6.1.4.1.14519.5.2.1.6450.2626.319969109938021413988597219780
409,1.2.826.0.1.534147.667.2747872357.202341862634185.4,1.3.6.1.4.1.14519.5.2.1.3320.3273.237120913844584396955049625167
410,1.2.826.0.1.534147.667.2747872357.2023418124319152.4,1.3.6.1.4.1.14519.5.2.1.3320.3273.138992155190336648051034499883
411,1.2.826.0.1.534147.667.2747872357.202341882755609.4,1.3.6.1.4.1.14519.5.2.1.3320.3273.176189440931338637946199877452
412,1.2.826.0.1.534147.756.812677238.2023216121010316.4,1.3.6.1.4.1.14519.5.2.1.7085.2626.843937073923484147625934797916
413,1.2.826.0.1.534147.667.2747872357.20234993626433.4,1.3.6.1.4.1.14519.5.2.1.3320.3273.130865347581265276519376328445
414,1.2.826.0.1.534147.667.2747872357.202341865126642.4,1.3.6.1.4.1.14519.5.2.1.3320.3273.244381531753893994038412558619
415,1.2.826.0.1.534147.667.2747872357.20234255328266.4,1.3.6.1.4.1.14519.5.2.1.6450.2626.272484581928429843642115418671
416,1.2.826.0.1.534147.667.2747872357.2023418102933712,1.3.6.1.4.1.14519.5.2.1.4801.5885.493269619717690462791613458355
417,1.2.826.0.1.534147.685.39692665.20234875222937.4,1.3.6.1.4.1.14519.5.2.1.3320.3273.158475759143013534540081258779
418,1.2.826.0.1.534147.667.2747872357.20234184253981.4,1.3.6.1.4.1.14519.5.2.1.3320.3273.345048947633832890244367924506
419,1.2.826.0.1.534147.667.2747872357.202341854920775,1.3.6.1.4.1.14519.5.2.1.3320.3273.269724148495487136645812624181
420,1.2.826.0.1.534147.667.2747872357.2023418646493.4,1.3.6.1.4.1.14519.5.2.1.3320.3273.123358305771673636685651825585
421,1.2.826.0.1.534147.667.2747872357.202341862653292.4,1.3.6.1.4.1.14519.5.2.1.3320.3273.237120913844584396955049625167
422,1.2.826.0.1.534147.667.2747872357.202349851114.4,1.3.6.1.4.1.14519.5.2.1.3320.3273.179996262429276633604551960109
423,1.2.826.0.1.534147.667.2747872357.20234184456622.4,1.3.6.1.4.1.14519.5.2.1.3320.3273.224042413559916308432364347103
424,1.2.826.0.1.534147.667.2747872357.2023417104756248.4,1.3.6.1.4.1.14519.5.2.1.3320.3273.104130530564972784074345467702
425,1.2.826.0.1.534147.667.2747872357.20234964957165.4,1.3.6.1.4.1.14519.5.2.1.3320.3273.314660043955077974216257446879
426,1.2.826.0.1.534147.756.812677238.20232205250150.4,1.3.6.1.4.1.14519.5.2.1.3320.3273.239065182527330983349885559665
427,1.2.826.0.1.534147.667.2747872357.2023410104911345,1.3.6.1.4.1.14519.5.2.1.6450.2626.814512020415010675078027568691
428,1.2.826.0.1.534147.667.2747872357.202341844637676.4,1.3.6.1.4.1.14519.5.2.1.3320.3273.157150361128278626613106346873
429,1.2.826.0.1.534147.667.2747872357.202341755624377.4,1.3.6.1.4.1.14519.5.2.1.6450.2626.671846967176957053841486646175
430,1.2.826.0.1.534147.667.2747872357.202341011528114.4,1.3.6.1.4.1.14519.5.2.1.3320.3273.247387287838180663723955238393
431,1.2.826.0.1.534147.667.2747872357.202341864042287.4,1.3.6.1.4.1.14519.5.2.1.3320.3273.172652785937928088789284303266
432,1.2.826.0.1.534147.756.812677238.202321671051229.4,1.3.6.1.4.1.14519.5.2.1.6450.2626.246032608851600385507133272852
433,1.2.826.0.1.534147.756.812677238.202322110755234.4,1.3.6.1.4.1.14519.5.2.1.3320.3273.145565382741666825828644416712
434,1.2.826.0.1.534147.756.812677238.2023320131643563.4,1.3.6.1.4.1.14519.5.2.1.6450.2626.149528252522540515405945191935
435,1.2.826.0.1.534147.667.2747872357.20234184462936.4,1.3.6.1.4.1.14519.5.2.1.3320.3273.157150361128278626613106346873
436,1.2.826.0.1.534147.667.2747872357.202341744713163.4,1.3.6.1.4.1.14519.5.2.1.3320.3273.291456967750141512790017382037
437,1.2.826.0.1.534147.667.2747872357.202341852455565.4,1.3.6.1.4.1.14519.5.2.1.3320.3273.660424436713054527279580915826
438,1.2.826.0.1.534147.667.2747872357.202341861256954.4,1.3.6.1.4.1.14519.5.2.1.3320.3273.847113625793136481497443148661
439,1.2.826.0.1.534147.667.2747872357.202341844113782.4,1.3.6.1.4.1.14519.5.2.1.2932.1975.211386848964701272126371792292
440,1.2.826.0.1.534147.667.2747872357.202341844049910.4,1.3.6.1.4.1.14519.5.2.1.2932.1975.211386848964701272126371792292
441,1.2.826.0.1.534147.667.2747872357.202341841048785.4,1.3.6.1.4.1.14519.5.2.1.3320.3273.295282030153621811885379523972
442,1.2.826.0.1.534147.667.2747872357.2023410104857512,1.3.6.1.4.1.14519.5.2.1.6450.2626.814512020415010675078027568691
443,1.2.826.0.1.534147.667.2747872357.2023410115548695.4,1.3.6.1.4.1.14519.5.2.1.3320.3273.336438995720716819542437823621
444,1.2.826.0.1.534147.667.2747872357.202341011504480.4,1.3.6.1.4.1.14519.5.2.1.3320.3273.604919721621150885827679917514
445,1.2.826.0.1.534147.667.2747872357.20234176145512,1.3.6.1.4.1.14519.5.2.1.3320.3273.236171367319979982621252500102
446,1.2.826.0.1.534147.667.2747872357.20234101203719.4,1.3.6.1.4.1.14519.5.2.1.3320.3273.744668010473007095891248763817
447,1.2.826.0.1.534147.756.812677238.2023215123246858,1.3.6.1.4.1.14519.5.2.1.6450.2626.194314977779821329121580893978
448,1.2.826.0.1.534147.667.2747872357.20234176202999.4,1.3.6.1.4.1.14519.5.2.1.3320.3273.185017417428656595444111996543
449,1.2.826.0.1.534147.667.2747872357.202341844516307.4,1.3.6.1.4.1.14519.5.2.1.3320.3273.224042413559916308432364347103
450,1.2.826.0.1.534147.667.2747872357.20234186814539.4,1.3.6.1.4.1.14519.5.2.1.3320.3273.155546463681796300861564115558
451,1.2.826.0.1.534147.685.39692665.202344115747487.4,1.3.6.1.4.1.14519.5.2.1.3320.3273.328580944778142717773134931305
452,1.2.826.0.1.534147.756.812677238.2023221102247923,1.3.6.1.4.1.14519.5.2.1.3320.3273.324542133525302467986266813043
453,1.2.826.0.1.534147.667.2747872357.202341871842497.4,1.3.6.1.4.1.14519.5.2.1.3320.3273.121198314514524983612153653270
454,1.2.826.0.1.534147.667.2747872357.2023418641984.4,1.3.6.1.4.1.14519.5.2.1.3320.3273.123358305771673636685651825585
455,1.2.826.0.1.534147.756.812677238.202322013111315.4,1.3.6.1.4.1.14519.5.2.1.3320.3273.118863937993824093197541524758
456,1.2.826.0.1.534147.685.39692665.202344115738687.4,1.3.6.1.4.1.14519.5.2.1.3320.3273.328580944778142717773134931305
457,1.2.826.0.1.534147.756.812677238.2023220131126829.4,1.3.6.1.4.1.14519.5.2.1.3320.3273.118863937993824093197541524758
458,1.2.826.0.1.534147.667.2747872357.2023497751269.4,1.3.6.1.4.1.14519.5.2.1.3320.3273.739899384334702173325440795020
459,1.2.826.0.1.534147.667.2747872357.20234985120434.4,1.3.6.1.4.1.14519.5.2.1.3320.3273.179996262429276633604551960109
460,1.2.826.0.1.534147.667.2747872357.202341755413412.4,1.3.6.1.4.1.14519.5.2.1.3320.3273.214991420932386207874536324229
461,1.2.826.0.1.534147.667.2747872357.2023418767860.4,1.3.6.1.4.1.14519.5.2.1.3320.3273.109260731270031113659273806100
462,1.2.826.0.1.534147.667.2747872357.202341810144667.4,1.3.6.1.4.1.14519.5.2.1.4801.5885.404810988081562588676249310250
463,1.2.826.0.1.534147.667.2747872357.202341872620645.4,1.3.6.1.4.1.14519.5.2.1.3320.3273.163300744853615327253855692379
464,1.2.826.0.1.534147.667.2747872357.20234910926693,1.3.6.1.4.1.14519.5.2.1.3320.3273.280088997787382146833193943028
465,1.2.826.0.1.534147.756.812677238.20232217721237.4,1.3.6.1.4.1.14519.5.2.1.7085.2626.317558302523691636342751498531
466,1.2.826.0.1.534147.756.812677238.2023221102259654.4,1.3.6.1.4.1.14519.5.2.1.3320.3273.324542133525302467986266813043
467,1.2.826.0.1.534147.667.2747872357.20234175542566.4,1.3.6.1.4.1.14519.5.2.1.3320.3273.214991420932386207874536324229
468,1.2.826.0.1.534147.756.812677238.202332013509532.4,1.3.6.1.4.1.14519.5.2.1.6450.2626.239226012595973449258104638895
469,1.2.826.0.1.534147.667.2747872357.202341765830180.4,1.3.6.1.4.1.14519.5.2.1.3320.3273.132510306663008261950186272810
470,1.2.826.0.1.534147.667.2747872357.20234234123099.4,1.3.6.1.4.1.14519.5.2.1.2932.1975.300655352220655674038538538060
471,1.2.826.0.1.534147.667.2747872357.20234982156992.4,1.3.6.1.4.1.14519.5.2.1.3320.3273.115066127656116574485411415354
472,1.2.826.0.1.534147.685.39692665.20234875236423,1.3.6.1.4.1.14519.5.2.1.3320.3273.158475759143013534540081258779
473,1.2.826.0.1.534147.667.2747872357.20234189415735.4,1.3.6.1.4.1.14519.5.2.1.3320.3273.295856932154501863791831369931
474,1.2.826.0.1.534147.667.2747872357.202341864125152.4,1.3.6.1.4.1.14519.5.2.1.3320.3273.739899384334702173325440795020
475,1.2.826.0.1.534147.756.812677238.2023221102235369.4,1.3.6.1.4.1.14519.5.2.1.3320.3273.324542133525302467986266813043
476,1.2.826.0.1.534147.667.2747872357.2023496454172.4,1.3.6.1.4.1.14519.5.2.1.6450.2626.317958908668757458079239354236
477,1.2.826.0.1.534147.667.2747872357.20234963349474.1,1.3.6.1.4.1.14519.5.2.1.3320.3273.188448273267802303071810457897
478,1.2.826.0.1.534147.756.812677238.202331285436350.4,1.3.6.1.4.1.14519.5.2.1.6450.2626.256334111606532510523733903012
479,1.2.826.0.1.534147.667.2747872357.2023498295411.4,1.3.6.1.4.1.14519.5.2.1.3320.3273.115066127656116574485411415354
480,1.2.826.0.1.534147.667.2747872357.202341864954931.4,1.3.6.1.4.1.14519.5.2.1.3320.3273.905532954697902671927293889394
481,1.2.826.0.1.534147.667.2747872357.20234184223873,1.3.6.1.4.1.14519.5.2.1.3320.3273.270193856133403498423505463377
482,1.2.826.0.1.534147.667.2747872357.2023417121859846.4,1.3.6.1.4.1.14519.5.2.1.3320.3273.271353680951619751250541259686
483,1.2.826.0.1.534147.756.812677238.20232175737418.4,1.3.6.1.4.1.14519.5.2.1.4801.2626.202602498780389059211958856756
484,1.2.826.0.1.534147.667.2747872357.2023499458606,1.3.6.1.4.1.14519.5.2.1.3320.3273.208004270099534774409450713071
485,1.2.826.0.1.534147.756.812677238.20232211074327.4,1.3.6.1.4.1.14519.5.2.1.3320.3273.145565382741666825828644416712
486,1.2.826.0.1.534147.667.2747872357.202341864032620.4,1.3.6.1.4.1.14519.5.2.1.3320.3273.172652785937928088789284303266
487,1.2.826.0.1.534147.667.2747872357.202341755729338.4,1.3.6.1.4.1.14519.5.2.1.6450.2626.671846967176957053841486646175
488,1.2.826.0.1.534147.667.2747872357.202341674512445.4,1.3.6.1.4.1.14519.5.2.1.3320.3273.640234065304537451421625306665
489,1.2.826.0.1.534147.685.39692665.202344102540878.4,1.3.6.1.4.1.14519.5.2.1.3320.3273.307218047122277972983213156423
490,1.2.826.0.1.534147.667.2747872357.2023418122516615.4,1.3.6.1.4.1.14519.5.2.1.3320.3273.233035374880289005625884399216
491,1.2.826.0.1.534147.756.812677238.202321643929776.4,1.3.6.1.4.1.14519.5.2.1.6450.2626.170471998648684309186970286653
492,1.2.826.0.1.534147.667.2747872357.20234176505772.4,1.3.6.1.4.1.14519.5.2.1.4801.2626.570843491061959582821453237501
493,1.2.826.0.1.534147.667.2747872357.202341871522137.4,1.3.6.1.4.1.14519.5.2.1.3320.3273.161617653065879471038758009637
494,1.2.826.0.1.534147.667.2747872357.20234176189190.4,1.3.6.1.4.1.14519.5.2.1.3320.3273.379388240572217758318107782046
495,1.2.826.0.1.534147.756.812677238.20233128544686,1.3.6.1.4.1.14519.5.2.1.6450.2626.256334111606532510523733903012
496,1.2.826.0.1.534147.667.2747872357.202341011374806.4,1.3.6.1.4.1.14519.5.2.1.3320.3273.375213686429803044207370733830
497,1.2.826.0.1.534147.756.812677238.2023321542637.4,1.3.6.1.4.1.14519.5.2.1.6450.2626.204026129445138720732694958360
498,1.2.826.0.1.534147.756.812677238.202321643911234.4,1.3.6.1.4.1.14519.5.2.1.6450.2626.170471998648684309186970286653
499,1.2.826.0.1.534147.667.2747872357.20234187243642.4,1.3.6.1.4.1.14519.5.2.1.3320.3273.221201878720019032560973616162
500,1.2.826.0.1.534147.667.2747872357.20234255419771.4,1.3.6.1.4.1.14519.5.2.1.6450.2626.791586643458510375136381554903
501,1.2.826.0.1.534147.756.812677238.2023215105337392.4,1.3.6.1.4.1.14519.5.2.1.6450.2626.149528252522540515405945191935
502,1.2.826.0.1.534147.667.2747872357.20234176565476.4,1.3.6.1.4.1.14519.5.2.1.3320.3273.293995398519948326248613223951
503,1.2.826.0.1.534147.667.2747872357.202341872214616.4,1.3.6.1.4.1.14519.5.2.1.3320.3273.319647067128888697978585275539
504,1.2.826.0.1.534147.667.2747872357.202341841843780.4,1.3.6.1.4.1.14519.5.2.1.3320.3273.888176968157415828580678670347
505,1.2.826.0.1.534147.756.812677238.20232175716158,1.3.6.1.4.1.14519.5.2.1.4801.2626.202602498780389059211958856756
506,1.2.826.0.1.534147.756.812677238.20233216548879.4,1.3.6.1.4.1.14519.5.2.1.6450.2626.272595650309382482352455997451
507,1.2.826.0.1.534147.667.2747872357.202341874046211.4,1.3.6.1.4.1.14519.5.2.1.3320.3273.929804399886456909309980555112
508,1.2.826.0.1.534147.667.2747872357.2023418115911997.4,1.3.6.1.4.1.14519.5.2.1.3320.3273.900127635044948990254512567680
509,1.2.826.0.1.534147.667.2747872357.202341842229191.4,1.3.6.1.4.1.14519.5.2.1.3320.3273.270193856133403498423505463377
510,1.2.826.0.1.534147.667.2747872357.20234189131492.4,1.3.6.1.4.1.14519.5.2.1.3320.3273.113515959064138292111122313118
511,1.2.826.0.1.534147.756.812677238.202321791256750,1.3.6.1.4.1.14519.5.2.1.3320.3273.177064806594578360939191297029
512,1.2.826.0.1.534147.667.2747872357.2023417674780.4,1.3.6.1.4.1.14519.5.2.1.3320.3273.325639011825307456513083500747
513,1.2.826.0.1.534147.667.2747872357.202349944056.4,1.3.6.1.4.1.14519.5.2.1.3320.3273.208004270099534774409450713071
514,1.2.826.0.1.534147.667.2747872357.202341712415221.4,1.3.6.1.4.1.14519.5.2.1.3320.3273.495307898587297361726107335098
515,1.2.826.0.1.534147.667.2747872357.202341842332252.4,1.3.6.1.4.1.14519.5.2.1.3320.3273.159321015186912823082383329741
516,1.2.826.0.1.534147.667.2747872357.2023418619498,1.3.6.1.4.1.14519.5.2.1.3320.3273.143333592061540367967432673618
517,1.2.826.0.1.534147.667.2747872357.202341842346766.4,1.3.6.1.4.1.14519.5.2.1.3320.3273.159321015186912823082383329741
518,1.2.826.0.1.534147.756.812677238.20232215525854.4,1.3.6.1.4.1.14519.5.2.1.3320.3273.314660043955077974216257446879
519,1.2.826.0.1.534147.667.2747872357.202341895329922.4,1.3.6.1.4.1.14519.5.2.1.3320.3273.190394480483665260743146740609
520,1.2.826.0.1.534147.667.2747872357.202349115154818,1.3.6.1.4.1.14519.5.2.1.3320.3273.280850375429177936136375954431
521,1.2.826.0.1.534147.667.2747872357.20234184454344.4,1.3.6.1.4.1.14519.5.2.1.3320.3273.156093253917446766516650119258
522,1.2.826.0.1.534147.667.2747872357.202341842611663.4,1.3.6.1.4.1.14519.5.2.1.3320.3273.345048947633832890244367924506
523,1.2.826.0.1.534147.667.2747872357.20234186399492.4,1.3.6.1.4.1.14519.5.2.1.3320.3273.188448273267802303071810457897
524,1.2.826.0.1.534147.667.2747872357.2023418113051658,1.3.6.1.4.1.14519.5.2.1.3320.3273.840425918641853063261696490605
525,1.2.826.0.1.534147.667.2747872357.202341892251688.4,1.3.6.1.4.1.14519.5.2.1.3320.3273.153325629664373731868763642919
526,1.2.826.0.1.534147.756.812677238.2023217712291.4,1.3.6.1.4.1.14519.5.2.1.3320.3273.927982382644327709435145617715
527,1.2.826.0.1.534147.667.2747872357.202341855834414.4,1.3.6.1.4.1.14519.5.2.1.3320.3273.748885778274164697959725223626
528,1.2.826.0.1.534147.667.2747872357.202342341457675,1.3.6.1.4.1.14519.5.2.1.2932.1975.168551500723160728194375201418
529,1.2.826.0.1.534147.667.2747872357.202342342111561.2,1.3.6.1.4.1.14519.5.2.1.3320.3273.202350348694735393640743895146
530,1.2.826.0.1.534147.667.2747872357.20234185584774.4,1.3.6.1.4.1.14519.5.2.1.3320.3273.748885778274164697959725223626
531,1.2.826.0.1.534147.667.2747872357.20234910256166,1.3.6.1.4.1.14519.5.2.1.3320.3273.305154696388083375876287039420
532,1.2.826.0.1.534147.667.2747872357.202341841816853.4,1.3.6.1.4.1.14519.5.2.1.3320.3273.888176968157415828580678670347
533,1.2.826.0.1.534147.667.2747872357.202349115817402.4,1.3.6.1.4.1.14519.5.2.1.3320.3273.246066201094080031488624335519
534,1.2.826.0.1.534147.667.2747872357.202341852614840.4,1.3.6.1.4.1.14519.5.2.1.3320.3273.321430643789166577486021541670
535,1.2.826.0.1.534147.667.2747872357.202341811389232.4,1.3.6.1.4.1.14519.5.2.1.3320.3273.249420153362450518163083487308
536,1.2.826.0.1.534147.756.812677238.202321683355402.4,1.3.6.1.4.1.14519.5.2.1.6450.2626.752984849151886881407700339109
537,1.2.826.0.1.534147.667.2747872357.202342342146908.4,1.3.6.1.4.1.14519.5.2.1.3320.3273.270132600750396382174789364144
538,1.2.826.0.1.534147.667.2747872357.202341764340970.4,1.3.6.1.4.1.14519.5.2.1.3320.3273.127730596722855865303617768929
539,1.2.826.0.1.534147.756.812677238.202331264518111.4,1.3.6.1.4.1.14519.5.2.1.7085.2626.333441789555064875806274328553
540,1.2.826.0.1.534147.667.2747872357.202341045241868.4,1.3.6.1.4.1.14519.5.2.1.3320.3273.168718519093060502504244964373
541,1.2.826.0.1.534147.756.812677238.202322164150361.4,1.3.6.1.4.1.14519.5.2.1.3320.3273.786999274952462621466700371361
542,1.2.826.0.1.534147.667.2747872357.202341882856620.4,1.3.6.1.4.1.14519.5.2.1.3320.3273.237296576381963650580060940890
543,1.2.826.0.1.534147.667.2747872357.202341810304299.4,1.3.6.1.4.1.14519.5.2.1.4801.5885.493269619717690462791613458355
544,1.2.826.0.1.534147.667.2747872357.20234189130103.4,1.3.6.1.4.1.14519.5.2.1.3320.3273.113515959064138292111122313118
545,1.2.826.0.1.534147.667.2747872357.202341872117709.4,1.3.6.1.4.1.14519.5.2.1.3320.3273.584949543564768758507744475608
546,1.2.826.0.1.534147.667.2747872357.202341882627959.4,1.3.6.1.4.1.14519.5.2.1.3320.3273.300429052171641245146725108340
547,1.2.826.0.1.534147.667.2747872357.20234186244236.4,1.3.6.1.4.1.14519.5.2.1.3320.3273.223285112414980502383824468512
548,1.2.826.0.1.534147.667.2747872357.2023418732226.4,1.3.6.1.4.1.14519.5.2.1.3320.3273.321074124440126953399096652168
549,1.2.826.0.1.534147.667.2747872357.2023417103553741.4,1.3.6.1.4.1.14519.5.2.1.3320.3273.211152361389441198338568910810
550,1.2.826.0.1.534147.667.2747872357.202341810254936.4,1.3.6.1.4.1.14519.5.2.1.3320.3273.125015361594074030808406791739
551,1.2.826.0.1.534147.667.2747872357.2023418102953477.4,1.3.6.1.4.1.14519.5.2.1.4801.5885.493269619717690462791613458355
552,1.2.826.0.1.534147.667.2747872357.20234101151737.4,1.3.6.1.4.1.14519.5.2.1.3320.3273.604919721621150885827679917514
553,1.2.826.0.1.534147.667.2747872357.202341862643378,1.3.6.1.4.1.14519.5.2.1.3320.3273.237120913844584396955049625167
554,1.2.826.0.1.534147.667.2747872357.202341882739679.4,1.3.6.1.4.1.14519.5.2.1.3320.3273.176189440931338637946199877452
555,1.2.826.0.1.534147.667.2747872357.202341765916248.4,1.3.6.1.4.1.14519.5.2.1.3320.3273.256255150649056617118430803445
556,1.2.826.0.1.534147.756.812677238.2023215125830168.4,1.3.6.1.4.1.14519.5.2.1.6450.2626.317958908668757458079239354236
557,1.2.826.0.1.534147.667.2747872357.202341610202662.4,1.3.6.1.4.1.14519.5.2.1.3320.3273.333414726071935111617582190779
558,1.2.826.0.1.534147.667.2747872357.20234186513541.4,1.3.6.1.4.1.14519.5.2.1.3320.3273.244381531753893994038412558619
559,1.2.826.0.1.534147.667.2747872357.20234176205391.4,1.3.6.1.4.1.14519.5.2.1.3320.3273.137221527542972395435741470885
560,1.2.826.0.1.534147.667.2747872357.20234175583914.4,1.3.6.1.4.1.14519.5.2.1.6450.2626.319969109938021413988597219780
561,1.2.826.0.1.534147.667.2747872357.202341842216637.4,1.3.6.1.4.1.14519.5.2.1.3320.3273.270193856133403498423505463377
562,1.2.826.0.1.534147.667.2747872357.202341842621650.4,1.3.6.1.4.1.14519.5.2.1.3320.3273.345048947633832890244367924506
563,1.2.826.0.1.534147.667.2747872357.202341751840933.4,1.3.6.1.4.1.14519.5.2.1.3320.3273.320845236278185603669365535816
564,1.2.826.0.1.534147.667.2747872357.202341610349724.4,1.3.6.1.4.1.14519.5.2.1.3320.3273.223188884338270595299497487301
565,1.2.826.0.1.534147.667.2747872357.20234910912561.4,1.3.6.1.4.1.14519.5.2.1.3320.3273.280088997787382146833193943028
566,1.2.826.0.1.534147.667.2747872357.2023410113543729,1.3.6.1.4.1.14519.5.2.1.3320.3273.331868584380589281171624137296
567,1.2.826.0.1.534147.667.2747872357.202341751911197.4,1.3.6.1.4.1.14519.5.2.1.3320.3273.323902087626615387459780884070
568,1.2.826.0.1.534147.667.2747872357.202342341324161.4,1.3.6.1.4.1.14519.5.2.1.2932.1975.300655352220655674038538538060
569,1.2.826.0.1.534147.667.2747872357.202341871551816.4,1.3.6.1.4.1.14519.5.2.1.3320.3273.161617653065879471038758009637
570,1.2.826.0.1.534147.667.2747872357.202341862352197.4,1.3.6.1.4.1.14519.5.2.1.3320.3273.223285112414980502383824468512
571,1.2.826.0.1.534147.756.812677238.20232175642273.4,1.3.6.1.4.1.14519.5.2.1.4801.2626.204469571996484265015230078222
572,1.2.826.0.1.534147.667.2747872357.20234187191274.4,1.3.6.1.4.1.14519.5.2.1.3320.3273.121198314514524983612153653270
573,1.2.826.0.1.534147.667.2747872357.202341871828248,1.3.6.1.4.1.14519.5.2.1.3320.3273.121198314514524983612153653270
574,1.2.826.0.1.534147.667.2747872357.202341052832706.4,1.3.6.1.4.1.14519.5.2.1.3320.3273.172666632849091003363024888506
575,1.2.826.0.1.534147.667.2747872357.202341884423660.4,1.3.6.1.4.1.14519.5.2.1.3320.3273.271353680951619751250541259686
576,1.2.826.0.1.534147.667.2747872357.202341761937227.4,1.3.6.1.4.1.14519.5.2.1.3320.3273.185017417428656595444111996543
577,1.2.826.0.1.534147.667.2747872357.202341812357830.4,1.3.6.1.4.1.14519.5.2.1.3320.3273.106158502260323972601533386989
578,1.2.826.0.1.534147.667.2747872357.202341810586855.4,1.3.6.1.4.1.14519.5.2.1.3320.3273.305967518729919041372136894656
579,1.2.826.0.1.534147.667.2747872357.20234171192929.4,1.3.6.1.4.1.14519.5.2.1.3320.3273.332472154218521211520705643891
580,1.2.826.0.1.534147.667.2747872357.20234189458704.2,1.3.6.1.4.1.14519.5.2.1.3320.3273.900001125079954270329219304716
581,1.2.826.0.1.534147.667.2747872357.2023425547656.4,1.3.6.1.4.1.14519.5.2.1.6450.2626.791586643458510375136381554903
582,1.2.826.0.1.534147.667.2747872357.202341844553484.4,1.3.6.1.4.1.14519.5.2.1.3320.3273.156093253917446766516650119258
583,1.2.826.0.1.534147.756.812677238.2023216115410146.4,1.3.6.1.4.1.14519.5.2.1.7085.2626.333441789555064875806274328553
584,1.2.826.0.1.534147.667.2747872357.202341762113928.4,1.3.6.1.4.1.14519.5.2.1.3320.3273.137221527542972395435741470885
585,1.2.826.0.1.534147.667.2747872357.202341865334808.4,1.3.6.1.4.1.14519.5.2.1.3320.3273.672743490614518902201041538772
586,1.2.826.0.1.534147.667.2747872357.202341844124846,1.3.6.1.4.1.14519.5.2.1.2932.1975.211386848964701272126371792292
587,1.2.826.0.1.534147.667.2747872357.20234993852828.4,1.3.6.1.4.1.14519.5.2.1.3320.3273.130865347581265276519376328445
588,1.2.826.0.1.534147.667.2747872357.20234186400196.4,1.3.6.1.4.1.14519.5.2.1.3320.3273.314660043955077974216257446879
589,1.2.826.0.1.534147.667.2747872357.202341841353565.4,1.3.6.1.4.1.14519.5.2.1.3320.3273.154557368784922545668345879358
590,1.2.826.0.1.534147.756.812677238.2023215125858822.4,1.3.6.1.4.1.14519.5.2.1.6450.2626.317958908668757458079239354236
591,1.2.826.0.1.534147.667.2747872357.202341011530564.4,1.3.6.1.4.1.14519.5.2.1.3320.3273.247387287838180663723955238393
592,1.2.826.0.1.534147.667.2747872357.202341761029883.4,1.3.6.1.4.1.14519.5.2.1.3320.3273.320872437930354676331921321192
593,1.2.826.0.1.534147.667.2747872357.202341894136994.4,1.3.6.1.4.1.14519.5.2.1.3320.3273.490626106271664447786132469461
594,1.2.826.0.1.534147.667.2747872357.20234187155961.4,1.3.6.1.4.1.14519.5.2.1.3320.3273.161617653065879471038758009637
595,1.2.826.0.1.534147.667.2747872357.202341012659418.4,1.3.6.1.4.1.14519.5.2.1.3320.3273.183712701395942272191506285085
596,1.2.826.0.1.534147.756.812677238.2023221122050552.4,1.3.6.1.4.1.14519.5.2.1.3320.3273.108379031344864832689867042362
597,1.2.826.0.1.534147.667.2747872357.202342341314349.4,1.3.6.1.4.1.14519.5.2.1.2932.1975.300655352220655674038538538060
598,1.2.826.0.1.534147.667.2747872357.202341761950611.4,1.3.6.1.4.1.14519.5.2.1.3320.3273.185017417428656595444111996543
599,1.2.826.0.1.534147.667.2747872357.202341842017243,1.3.6.1.4.1.14519.5.2.1.3320.3273.296276484090809571878638305544
600,1.2.826.0.1.534147.667.2747872357.2023410104932283.4,1.3.6.1.4.1.14519.5.2.1.6450.2626.814512020415010675078027568691
601,1.2.826.0.1.534147.667.2747872357.2023410115415406.4,1.3.6.1.4.1.14519.5.2.1.3320.3273.330400358314654965064692772373
602,1.2.826.0.1.534147.667.2747872357.2023418123455399.4,1.3.6.1.4.1.14519.5.2.1.3320.3273.106158502260323972601533386989
603,1.2.826.0.1.534147.667.2747872357.2023418759297,1.3.6.1.4.1.14519.5.2.1.3320.3273.445251907711348121577337243501
604,1.2.826.0.1.534147.667.2747872357.2023418124330240.4,1.3.6.1.4.1.14519.5.2.1.3320.3273.138992155190336648051034499883
605,1.2.826.0.1.534147.667.2747872357.2023418441475.4,1.3.6.1.4.1.14519.5.2.1.2932.1975.211386848964701272126371792292
606,1.2.826.0.1.534147.667.2747872357.202341872610721.4,1.3.6.1.4.1.14519.5.2.1.3320.3273.163300744853615327253855692379
607,1.2.826.0.1.534147.667.2747872357.2023418102632193.4,1.3.6.1.4.1.14519.5.2.1.3320.3273.125015361594074030808406791739
608,1.2.826.0.1.534147.667.2747872357.202341852631416.4,1.3.6.1.4.1.14519.5.2.1.3320.3273.321430643789166577486021541670
609,1.2.826.0.1.534147.667.2747872357.202341812439322.4,1.3.6.1.4.1.14519.5.2.1.3320.3273.113395547087813559399015751650
610,1.2.826.0.1.534147.667.2747872357.202341765924893.4,1.3.6.1.4.1.14519.5.2.1.3320.3273.256255150649056617118430803445
611,1.2.826.0.1.534147.667.2747872357.2023410115045648.4,1.3.6.1.4.1.14519.5.2.1.3320.3273.604919721621150885827679917514
612,1.2.826.0.1.534147.667.2747872357.2023410115745710.4,1.3.6.1.4.1.14519.5.2.1.3320.3273.106630499164472235614285948703
613,1.2.826.0.1.534147.667.2747872357.2023498593312.4,1.3.6.1.4.1.14519.5.2.1.3320.3273.268277113009948742897717607600
614,1.2.826.0.1.534147.667.2747872357.202341011590718.4,1.3.6.1.4.1.14519.5.2.1.3320.3273.106630499164472235614285948703
615,1.2.826.0.1.534147.756.812677238.2023217141510348.4,1.3.6.1.4.1.14519.5.2.1.3320.3273.202470432615058306140535825384
616,1.2.826.0.1.534147.667.2747872357.20234184191195.4,1.3.6.1.4.1.14519.5.2.1.3320.3273.888176968157415828580678670347
