,SeriesInstanceUID,StudyInstanceUID
0,1.2.826.0.1.534147.667.2747872357.202341871540655,1.3.6.1.4.1.14519.5.2.1.3320.3273.357071961289985146348140536410
1,1.2.826.0.1.534147.667.2747872357.202341842357460.2,1.3.6.1.4.1.14519.5.2.1.3320.3273.119041692754915148586879613084
2,1.2.826.0.1.534147.667.2747872357.2023499584675.4,1.3.6.1.4.1.14519.5.2.1.3320.3273.921901647081236446858497960801
3,1.2.826.0.1.534147.756.812677238.20233128540306.4,1.3.6.1.4.1.14519.5.2.1.6450.2626.173314636910490476033724315999
4,1.2.826.0.1.534147.667.2747872357.202341610339139.4,1.3.6.1.4.1.14519.5.2.1.3320.3273.297324100053617614335336016519
5,1.2.826.0.1.534147.667.2747872357.202341764418353.4,1.3.6.1.4.1.14519.5.2.1.3320.3273.260456621642028776932258433628
6,1.2.826.0.1.534147.756.812677238.202321654913835,1.3.6.1.4.1.14519.5.2.1.6450.2626.967845617438214712145537331881
7,1.2.826.0.1.534147.667.2747872357.20234105414267.4,1.3.6.1.4.1.14519.5.2.1.3320.3273.563427116500580376452158678405
8,1.2.826.0.1.534147.667.2747872357.202341761829948.4,1.3.6.1.4.1.14519.5.2.1.3320.3273.208397619884037475731120365907
9,1.2.826.0.1.534147.667.2747872357.20234187214439.4,1.3.6.1.4.1.14519.5.2.1.3320.3273.357071961289985146348140536410
10,1.2.826.0.1.534147.667.2747872357.202349115759549.4,1.3.6.1.4.1.14519.5.2.1.3320.3273.402154920027198112804195952074
11,1.2.826.0.1.534147.756.812677238.202323194447456,1.3.6.1.4.1.14519.5.2.1.6450.2626.142781207978873686417945717904
12,1.2.826.0.1.534147.667.2747872357.202341761039696.4,1.3.6.1.4.1.14519.5.2.1.3320.3273.208397619884037475731120365907
13,1.2.826.0.1.534147.667.2747872357.202341764426676.4,1.3.6.1.4.1.14519.5.2.1.3320.3273.260456621642028776932258433628
14,1.2.826.0.1.534147.756.812677238.202332166611.4,1.3.6.1.4.1.14519.5.2.1.6450.2626.476085580388245705155991328386
15,1.2.826.0.1.534147.756.812677238.20232177132741.4,1.3.6.1.4.1.14519.5.2.1.3320.3273.182430557513680737689692466632
16,1.2.826.0.1.534147.667.2747872357.202341872158892.4,1.3.6.1.4.1.14519.5.2.1.3320.3273.192664139982174570358822158980
17,1.2.826.0.1.534147.667.2747872357.20234995830141.4,1.3.6.1.4.1.14519.5.2.1.3320.3273.921901647081236446858497960801
18,1.2.826.0.1.534147.667.2747872357.20234186534323.4,1.3.6.1.4.1.14519.5.2.1.3320.3273.309521824160653805254980817690
19,1.2.826.0.1.534147.667.2747872357.20234234215421,1.3.6.1.4.1.14519.5.2.1.3320.3273.262736964774169022991607075940
20,1.2.826.0.1.534147.667.2747872357.202341751933510.4,1.3.6.1.4.1.14519.5.2.1.3320.3273.189610219676126217462181578744
21,1.2.826.0.1.534147.667.2747872357.202341862535971.4,1.3.6.1.4.1.14519.5.2.1.3320.3273.108239814565416110462120508363
22,1.2.826.0.1.534147.756.812677238.20232319451659.4,1.3.6.1.4.1.14519.5.2.1.6450.2626.142781207978873686417945717904
23,1.2.826.0.1.534147.667.2747872357.202341811511882.4,1.3.6.1.4.1.14519.5.2.1.3320.3273.731749609509707710521529634482
24,1.2.826.0.1.534147.667.2747872357.202341891324460.2,1.3.6.1.4.1.14519.5.2.1.3320.3273.192838963258103923102154182370
25,1.2.826.0.1.534147.667.2747872357.202341871453254.4,1.3.6.1.4.1.14519.5.2.1.3320.3273.357071961289985146348140536410
26,1.2.826.0.1.534147.685.39692665.20234411437130.4,1.3.6.1.4.1.14519.5.2.1.3320.3273.174204562006846994671664826947
27,1.2.826.0.1.534147.667.2747872357.20234186428784.4,1.3.6.1.4.1.14519.5.2.1.3320.3273.108239814565416110462120508363
28,1.2.826.0.1.534147.667.2747872357.20234187239646.4,1.3.6.1.4.1.14519.5.2.1.3320.3273.357071961289985146348140536410
29,1.2.826.0.1.534147.667.2747872357.202341765525687.4,1.3.6.1.4.1.14519.5.2.1.3320.3273.284747996538780275169584797539
30,1.2.826.0.1.534147.667.2747872357.2023410115343179.4,1.3.6.1.4.1.14519.5.2.1.3320.3273.129581558191381046727115118754
31,1.2.826.0.1.534147.667.2747872357.202341761819923.4,1.3.6.1.4.1.14519.5.2.1.3320.3273.208397619884037475731120365907
32,1.2.826.0.1.534147.667.2747872357.2023418101454834.4,1.3.6.1.4.1.14519.5.2.1.4801.5885.137423465625709771601265004154
33,1.2.826.0.1.534147.667.2747872357.202341861025404,1.3.6.1.4.1.14519.5.2.1.3320.3273.108239814565416110462120508363
34,1.2.826.0.1.534147.667.2747872357.202341765839325.4,1.3.6.1.4.1.14519.5.2.1.3320.3273.284747996538780275169584797539
35,1.2.826.0.1.534147.667.2747872357.202341755520374.4,1.3.6.1.4.1.14519.5.2.1.6450.2626.272955509432106520123733663156
36,1.2.826.0.1.534147.756.812677238.2023215123314228.4,1.3.6.1.4.1.14519.5.2.1.6450.2626.848612250919504333517546576288
37,1.2.826.0.1.534147.667.2747872357.2023410115436221,1.3.6.1.4.1.14519.5.2.1.3320.3273.129581558191381046727115118754
38,1.2.826.0.1.534147.685.39692665.20234412858367.4,1.3.6.1.4.1.14519.5.2.1.3320.3273.332243207923115392849573395441
39,1.2.826.0.1.534147.667.2747872357.20234184140731,1.3.6.1.4.1.14519.5.2.1.3320.3273.188384016643181993175785468213
40,1.2.826.0.1.534147.756.812677238.2023221102314513.4,1.3.6.1.4.1.14519.5.2.1.3320.3273.185954815976928216791634731240
41,1.2.826.0.1.534147.756.812677238.2023220131140412.4,1.3.6.1.4.1.14519.5.2.1.3320.3273.993908584890728956370034462128
42,1.2.826.0.1.534147.667.2747872357.20234187551719.4,1.3.6.1.4.1.14519.5.2.1.3320.3273.146575486790369559415443871707
43,1.2.826.0.1.534147.667.2747872357.202341862547681.4,1.3.6.1.4.1.14519.5.2.1.3320.3273.108239814565416110462120508363
44,1.2.826.0.1.534147.667.2747872357.202341753315482.4,1.3.6.1.4.1.14519.5.2.1.3320.3273.189610219676126217462181578744
45,1.2.826.0.1.534147.667.2747872357.202341893944173.4,1.3.6.1.4.1.14519.5.2.1.7085.2626.315048091260390938035234632249
46,1.2.826.0.1.534147.667.2747872357.20234169270107.4,1.3.6.1.4.1.14519.5.2.1.3320.3273.297324100053617614335336016519
47,1.2.826.0.1.534147.667.2747872357.2023418121535376.4,1.3.6.1.4.1.14519.5.2.1.3320.3273.228290172296428533069650299235
48,1.2.826.0.1.534147.667.2747872357.2023410115415269.4,1.3.6.1.4.1.14519.5.2.1.3320.3273.129581558191381046727115118754
49,1.2.826.0.1.534147.667.2747872357.2023418725882,1.3.6.1.4.1.14519.5.2.1.3320.3273.357071961289985146348140536410
50,1.2.826.0.1.534147.667.2747872357.202341710365621,1.3.6.1.4.1.14519.5.2.1.3320.3273.222790087209835257164504008519
51,1.2.826.0.1.534147.667.2747872357.2023410115445884.4,1.3.6.1.4.1.14519.5.2.1.3320.3273.129581558191381046727115118754
52,1.2.826.0.1.534147.667.2747872357.20234101158239,1.3.6.1.4.1.14519.5.2.1.3320.3273.129581558191381046727115118754
53,1.2.826.0.1.534147.756.812677238.202321762732218.4,1.3.6.1.4.1.14519.5.2.1.3320.3273.284747996538780275169584797539
54,1.2.826.0.1.534147.667.2747872357.2023416121222642.4,1.3.6.1.4.1.14519.5.2.1.3320.3273.254663486881727398899474231028
55,1.2.826.0.1.534147.756.812677238.2023215121656549.4,1.3.6.1.4.1.14519.5.2.1.6450.2626.848612250919504333517546576288
56,1.2.826.0.1.534147.667.2747872357.202349113648982,1.3.6.1.4.1.14519.5.2.1.3320.3273.402154920027198112804195952074
57,1.2.826.0.1.534147.667.2747872357.2023410115155321.4,1.3.6.1.4.1.14519.5.2.1.3320.3273.129581558191381046727115118754
58,1.2.826.0.1.534147.667.2747872357.202341872559363.4,1.3.6.1.4.1.14519.5.2.1.3320.3273.357071961289985146348140536410
59,1.2.826.0.1.534147.667.2747872357.202341674529715.4,1.3.6.1.4.1.14519.5.2.1.3320.3273.215385921227437994607826861983
60,1.2.826.0.1.534147.667.2747872357.20234186533970.4,1.3.6.1.4.1.14519.5.2.1.3320.3273.309521824160653805254980817690
61,1.2.826.0.1.534147.667.2747872357.20234105354520.4,1.3.6.1.4.1.14519.5.2.1.3320.3273.563427116500580376452158678405
62,1.2.826.0.1.534147.667.2747872357.20234189556745.4,1.3.6.1.4.1.14519.5.2.1.3320.3273.192838963258103923102154182370
63,1.2.826.0.1.534147.667.2747872357.2023418105847772.4,1.3.6.1.4.1.14519.5.2.1.3320.3273.731749609509707710521529634482
64,1.2.826.0.1.534147.667.2747872357.20234983721738.4,1.3.6.1.4.1.14519.5.2.1.3320.3273.325425058352741134357984208891
65,1.2.826.0.1.534147.667.2747872357.202341874024769.4,1.3.6.1.4.1.14519.5.2.1.3320.3273.270071326086866885547612334167
66,1.2.826.0.1.534147.756.812677238.20233129289853.4,1.3.6.1.4.1.14519.5.2.1.6450.2626.281124705870688952043505088769
67,1.2.826.0.1.534147.667.2747872357.202342341240927.4,1.3.6.1.4.1.14519.5.2.1.2932.1975.669849651815132593530795435161
68,1.2.826.0.1.534147.667.2747872357.2023417696352.4,1.3.6.1.4.1.14519.5.2.1.3320.3273.208397619884037475731120365907
69,1.2.826.0.1.534147.667.2747872357.202341884449714.4,1.3.6.1.4.1.14519.5.2.1.3320.3273.381157287391063291151751683785
70,1.2.826.0.1.534147.667.2747872357.202341765742428,1.3.6.1.4.1.14519.5.2.1.3320.3273.284747996538780275169584797539
71,1.2.826.0.1.534147.667.2747872357.2023417121841778,1.3.6.1.4.1.14519.5.2.1.3320.3273.381157287391063291151751683785
72,1.2.826.0.1.534147.667.2747872357.2023496341379,1.3.6.1.4.1.14519.5.2.1.3320.3273.174204562006846994671664826947
73,1.2.826.0.1.534147.667.2747872357.202341862055623.4,1.3.6.1.4.1.14519.5.2.1.3320.3273.285777393888048531955987314771
74,1.2.826.0.1.534147.756.812677238.2023220104210515.4,1.3.6.1.4.1.14519.5.2.1.7085.2626.319528262033369309008695071705
75,1.2.826.0.1.534147.667.2747872357.2023410105149564.4,1.3.6.1.4.1.14519.5.2.1.3320.3273.188210997343468364670884561790
76,1.2.826.0.1.534147.667.2747872357.202341841925122.4,1.3.6.1.4.1.14519.5.2.1.3320.3273.119041692754915148586879613084
77,1.2.826.0.1.534147.667.2747872357.2023418940983,1.3.6.1.4.1.14519.5.2.1.3320.3273.278591547013998249118155071292
78,1.2.826.0.1.534147.667.2747872357.202341761051569.4,1.3.6.1.4.1.14519.5.2.1.3320.3273.208397619884037475731120365907
79,1.2.826.0.1.534147.667.2747872357.2023410115020540.4,1.3.6.1.4.1.14519.5.2.1.3320.3273.129581558191381046727115118754
80,1.2.826.0.1.534147.667.2747872357.20234185258100.4,1.3.6.1.4.1.14519.5.2.1.3320.3273.180734446075384724796074691535
81,1.2.826.0.1.534147.667.2747872357.2023410104922888.4,1.3.6.1.4.1.14519.5.2.1.6450.2626.187643362445820531002299396025
82,1.2.826.0.1.534147.667.2747872357.2023418122541497,1.3.6.1.4.1.14519.5.2.1.3320.3273.228290172296428533069650299235
83,1.2.826.0.1.534147.667.2747872357.202341844135344,1.3.6.1.4.1.14519.5.2.1.2932.1975.286163095845630643212362400137
84,1.2.826.0.1.534147.667.2747872357.202341851644775.4,1.3.6.1.4.1.14519.5.2.1.3320.3273.285777393888048531955987314771
85,1.2.826.0.1.534147.667.2747872357.202341075841126.4,1.3.6.1.4.1.14519.5.2.1.7085.2626.319528262033369309008695071705
86,1.2.826.0.1.534147.667.2747872357.20234184413207.4,1.3.6.1.4.1.14519.5.2.1.2932.1975.286163095845630643212362400137
87,1.2.826.0.1.534147.667.2747872357.20234171194318,1.3.6.1.4.1.14519.5.2.1.3320.3273.222790087209835257164504008519
88,1.2.826.0.1.534147.667.2747872357.202341863949314.4,1.3.6.1.4.1.14519.5.2.1.3320.3273.174204562006846994671664826947
89,1.2.826.0.1.534147.667.2747872357.202341865044231.4,1.3.6.1.4.1.14519.5.2.1.3320.3273.309521824160653805254980817690
90,1.2.826.0.1.534147.667.2747872357.202341891935647.4,1.3.6.1.4.1.14519.5.2.1.3320.3273.278591547013998249118155071292
91,1.2.826.0.1.534147.667.2747872357.202341811458318.4,1.3.6.1.4.1.14519.5.2.1.3320.3273.731749609509707710521529634482
92,1.2.826.0.1.534147.667.2747872357.20234961151251.4,1.3.6.1.4.1.14519.5.2.1.3320.3273.588816763760227852703736612242
93,1.2.826.0.1.534147.667.2747872357.202341812717286.4,1.3.6.1.4.1.14519.5.2.1.3320.3273.962163137940544766191077843265
94,1.2.826.0.1.534147.667.2747872357.202341010502760.4,1.3.6.1.4.1.14519.5.2.1.6450.2626.187643362445820531002299396025
95,1.2.826.0.1.534147.667.2747872357.202341011535739.4,1.3.6.1.4.1.14519.5.2.1.3320.3273.188210997343468364670884561790
96,1.2.826.0.1.534147.667.2747872357.202341844038194.4,1.3.6.1.4.1.14519.5.2.1.2932.1975.286163095845630643212362400137
97,1.2.826.0.1.534147.667.2747872357.20234186252528.4,1.3.6.1.4.1.14519.5.2.1.3320.3273.108239814565416110462120508363
98,1.2.826.0.1.534147.667.2747872357.2023410115851258,1.3.6.1.4.1.14519.5.2.1.3320.3273.129581558191381046727115118754
99,1.2.826.0.1.534147.667.2747872357.202341755719238.4,1.3.6.1.4.1.14519.5.2.1.6450.2626.272955509432106520123733663156
100,1.2.826.0.1.534147.756.812677238.202321751149940.4,1.3.6.1.4.1.14519.5.2.1.4801.2626.132226747695010673456515436960
101,1.2.826.0.1.534147.667.2747872357.2023418103412442.4,1.3.6.1.4.1.14519.5.2.1.3320.3273.731749609509707710521529634482
102,1.2.826.0.1.534147.667.2747872357.20234186392022.4,1.3.6.1.4.1.14519.5.2.1.3320.3273.174204562006846994671664826947
103,1.2.826.0.1.534147.667.2747872357.202341012734516.4,1.3.6.1.4.1.14519.5.2.1.3320.3273.188210997343468364670884561790
104,1.2.826.0.1.534147.667.2747872357.202341710596345.4,1.3.6.1.4.1.14519.5.2.1.3320.3273.222790087209835257164504008519
105,1.2.826.0.1.534147.667.2747872357.202342341425106,1.3.6.1.4.1.14519.5.2.1.2932.1975.669849651815132593530795435161
106,1.2.826.0.1.534147.667.2747872357.2023499383119.4,1.3.6.1.4.1.14519.5.2.1.3320.3273.196330480031434901815324832087
107,1.2.826.0.1.534147.667.2747872357.20234234143651.4,1.3.6.1.4.1.14519.5.2.1.2932.1975.669849651815132593530795435161
108,1.2.826.0.1.534147.667.2747872357.202349121614906,1.3.6.1.4.1.14519.5.2.1.4801.2626.152991518859835512248866858217
109,1.2.826.0.1.534147.667.2747872357.2023418113758364.4,1.3.6.1.4.1.14519.5.2.1.3320.3273.962163137940544766191077843265
110,1.2.826.0.1.534147.667.2747872357.202341753327367.4,1.3.6.1.4.1.14519.5.2.1.3320.3273.189610219676126217462181578744
111,1.2.826.0.1.534147.667.2747872357.202349102525240.4,1.3.6.1.4.1.14519.5.2.1.3320.3273.921901647081236446858497960801
112,1.2.826.0.1.534147.667.2747872357.202341882842591.4,1.3.6.1.4.1.14519.5.2.1.3320.3273.157697918418377188987808337114
113,1.2.826.0.1.534147.756.812677238.202321643150835,1.3.6.1.4.1.14519.5.2.1.6450.2626.188550180493792372165153925927
114,1.2.826.0.1.534147.756.812677238.202322174746129.4,1.3.6.1.4.1.14519.5.2.1.3320.3273.322048254776719123217975770619
115,1.2.826.0.1.534147.667.2747872357.2023410113718264.4,1.3.6.1.4.1.14519.5.2.1.3320.3273.270034430960482880043098875164
116,1.2.826.0.1.534147.667.2747872357.20234184206381.4,1.3.6.1.4.1.14519.5.2.1.3320.3273.119041692754915148586879613084
117,1.2.826.0.1.534147.756.812677238.202322075259606.4,1.3.6.1.4.1.14519.5.2.1.7085.2626.119810816975757991614926263086
118,1.2.826.0.1.534147.756.812677238.202321751220156.4,1.3.6.1.4.1.14519.5.2.1.4801.2626.132226747695010673456515436960
119,1.2.826.0.1.534147.667.2747872357.20234993724906.4,1.3.6.1.4.1.14519.5.2.1.3320.3273.196330480031434901815324832087
120,1.2.826.0.1.534147.667.2747872357.2023410115219242,1.3.6.1.4.1.14519.5.2.1.3320.3273.129581558191381046727115118754
121,1.2.826.0.1.534147.667.2747872357.20234234204115.4,1.3.6.1.4.1.14519.5.2.1.3320.3273.262736964774169022991607075940
122,1.2.826.0.1.534147.667.2747872357.202341761018754,1.3.6.1.4.1.14519.5.2.1.3320.3273.208397619884037475731120365907
123,1.2.826.0.1.534147.667.2747872357.202341891949418.4,1.3.6.1.4.1.14519.5.2.1.3320.3273.278591547013998249118155071292
124,1.2.826.0.1.534147.756.812677238.202321791244817,1.3.6.1.4.1.14519.5.2.1.3320.3273.466187306220544796714523130057
125,1.2.826.0.1.534147.667.2747872357.202341762043108.4,1.3.6.1.4.1.14519.5.2.1.3320.3273.208397619884037475731120365907
126,1.2.826.0.1.534147.667.2747872357.202341841913824.4,1.3.6.1.4.1.14519.5.2.1.3320.3273.119041692754915148586879613084
127,1.2.826.0.1.534147.667.2747872357.20234187192689.4,1.3.6.1.4.1.14519.5.2.1.3320.3273.357071961289985146348140536410
128,1.2.826.0.1.534147.756.812677238.202322075311219.4,1.3.6.1.4.1.14519.5.2.1.7085.2626.119810816975757991614926263086
129,1.2.826.0.1.534147.667.2747872357.202341011351532.4,1.3.6.1.4.1.14519.5.2.1.3320.3273.270034430960482880043098875164
130,1.2.826.0.1.534147.667.2747872357.2023416121210900.4,1.3.6.1.4.1.14519.5.2.1.3320.3273.254663486881727398899474231028
131,1.2.826.0.1.534147.667.2747872357.20234184261284,1.3.6.1.4.1.14519.5.2.1.3320.3273.119041692754915148586879613084
132,1.2.826.0.1.534147.667.2747872357.202341865249228,1.3.6.1.4.1.14519.5.2.1.3320.3273.309521824160653805254980817690
133,1.2.826.0.1.534147.756.812677238.2023216105548409.4,1.3.6.1.4.1.14519.5.2.1.7085.2626.290767319769896645657710726154
134,1.2.826.0.1.534147.756.812677238.2023216105530466.4,1.3.6.1.4.1.14519.5.2.1.7085.2626.290767319769896645657710726154
135,1.2.826.0.1.534147.667.2747872357.202341841438617.4,1.3.6.1.4.1.14519.5.2.1.3320.3273.188384016643181993175785468213
136,1.2.826.0.1.534147.667.2747872357.20234184331912.4,1.3.6.1.4.1.14519.5.2.1.3320.3273.293665903142457581490353534076
137,1.2.826.0.1.534147.667.2747872357.202349101734186.4,1.3.6.1.4.1.14519.5.2.1.3320.3273.921901647081236446858497960801
138,1.2.826.0.1.534147.667.2747872357.202341052818150.1,1.3.6.1.4.1.14519.5.2.1.3320.3273.563427116500580376452158678405
139,1.2.826.0.1.534147.667.2747872357.2023410113453110.4,1.3.6.1.4.1.14519.5.2.1.3320.3273.270034430960482880043098875164
140,1.2.826.0.1.534147.667.2747872357.20234101137468,1.3.6.1.4.1.14519.5.2.1.3320.3273.270034430960482880043098875164
141,1.2.826.0.1.534147.667.2747872357.202349121626272.4,1.3.6.1.4.1.14519.5.2.1.4801.2626.152991518859835512248866858217
142,1.2.826.0.1.534147.667.2747872357.202341843653313.4,1.3.6.1.4.1.14519.5.2.1.7085.2626.319528262033369309008695071705
143,1.2.826.0.1.534147.667.2747872357.20234184218792.4,1.3.6.1.4.1.14519.5.2.1.3320.3273.119041692754915148586879613084
144,1.2.826.0.1.534147.756.812677238.20232216427803.4,1.3.6.1.4.1.14519.5.2.1.3320.3273.301592575731883944885763720530
145,1.2.826.0.1.534147.667.2747872357.2023418115223918.4,1.3.6.1.4.1.14519.5.2.1.3320.3273.962163137940544766191077843265
146,1.2.826.0.1.534147.667.2747872357.202342342654790.4,1.3.6.1.4.1.14519.5.2.1.3320.3273.114458460915300425179441578495
147,1.2.826.0.1.534147.667.2747872357.20234186849449.4,1.3.6.1.4.1.14519.5.2.1.3320.3273.108239814565416110462120508363
148,1.2.826.0.1.534147.667.2747872357.202341872234271.4,1.3.6.1.4.1.14519.5.2.1.3320.3273.357071961289985146348140536410
149,1.2.826.0.1.534147.667.2747872357.202341861039629.4,1.3.6.1.4.1.14519.5.2.1.3320.3273.108239814565416110462120508363
150,1.2.826.0.1.534147.667.2747872357.202341841430305,1.3.6.1.4.1.14519.5.2.1.3320.3273.188384016643181993175785468213
151,1.2.826.0.1.534147.756.812677238.202321661747714,1.3.6.1.4.1.14519.5.2.1.6450.2626.208151376698023858615816901720
152,1.2.826.0.1.534147.756.812677238.2023216122634624,1.3.6.1.4.1.14519.5.2.1.4801.2626.764921041005474451168824591200
153,1.2.826.0.1.534147.667.2747872357.202341011543541,1.3.6.1.4.1.14519.5.2.1.3320.3273.129581558191381046727115118754
154,1.2.826.0.1.534147.667.2747872357.2023418922117.4,1.3.6.1.4.1.14519.5.2.1.3320.3273.192838963258103923102154182370
155,1.2.826.0.1.534147.667.2747872357.202341842413132,1.3.6.1.4.1.14519.5.2.1.3320.3273.119041692754915148586879613084
156,1.2.826.0.1.534147.667.2747872357.202341765211714.4,1.3.6.1.4.1.14519.5.2.1.4801.2626.152991518859835512248866858217
157,1.2.826.0.1.534147.685.39692665.202344105141851.4,1.3.6.1.4.1.14519.5.2.1.3320.3273.174204562006846994671664826947
158,1.2.826.0.1.534147.667.2747872357.20234176175954.4,1.3.6.1.4.1.14519.5.2.1.3320.3273.208397619884037475731120365907
159,1.2.826.0.1.534147.756.812677238.202332192533586.4,1.3.6.1.4.1.14519.5.2.1.7085.2626.516657155938666334599803966375
160,1.2.826.0.1.534147.756.812677238.202321762745415.4,1.3.6.1.4.1.14519.5.2.1.3320.3273.284747996538780275169584797539
161,1.2.826.0.1.534147.667.2747872357.202341884510230.4,1.3.6.1.4.1.14519.5.2.1.3320.3273.278591547013998249118155071292
162,1.2.826.0.1.534147.667.2747872357.202349114529589.4,1.3.6.1.4.1.14519.5.2.1.3320.3273.402154920027198112804195952074
163,1.2.826.0.1.534147.756.812677238.20233126594641.4,1.3.6.1.4.1.14519.5.2.1.6450.2626.208151376698023858615816901720
164,1.2.826.0.1.534147.667.2747872357.202342551040673.4,1.3.6.1.4.1.14519.5.2.1.4801.5885.208180815032715070388894288661
165,1.2.826.0.1.534147.667.2747872357.202342341447415,1.3.6.1.4.1.14519.5.2.1.2932.1975.669849651815132593530795435161
166,1.2.826.0.1.534147.756.812677238.202321764453503.4,1.3.6.1.4.1.14519.5.2.1.3320.3273.999281834991363903000965758121
167,1.2.826.0.1.534147.667.2747872357.20234911451137.4,1.3.6.1.4.1.14519.5.2.1.3320.3273.402154920027198112804195952074
168,1.2.826.0.1.534147.667.2747872357.202341861056382.4,1.3.6.1.4.1.14519.5.2.1.3320.3273.108239814565416110462120508363
169,1.2.826.0.1.534147.667.2747872357.20234188456408.4,1.3.6.1.4.1.14519.5.2.1.3320.3273.381157287391063291151751683785
170,1.2.826.0.1.534147.667.2747872357.202341810743548.4,1.3.6.1.4.1.14519.5.2.1.7085.2626.255274206900916916836077152939
171,1.2.826.0.1.534147.667.2747872357.202341842046126.4,1.3.6.1.4.1.14519.5.2.1.3320.3273.119041692754915148586879613084
172,1.2.826.0.1.534147.667.2747872357.202341842423282.4,1.3.6.1.4.1.14519.5.2.1.3320.3273.119041692754915148586879613084
173,1.2.826.0.1.534147.667.2747872357.20234167133897.4,1.3.6.1.4.1.14519.5.2.1.3320.3273.215385921227437994607826861983
174,1.2.826.0.1.534147.756.812677238.202322013174926,1.3.6.1.4.1.14519.5.2.1.3320.3273.245208227411103135697860527050
175,1.2.826.0.1.534147.667.2747872357.2023410102427254,1.3.6.1.4.1.14519.5.2.1.3320.3273.188210997343468364670884561790
176,1.2.826.0.1.534147.667.2747872357.202341810730342.4,1.3.6.1.4.1.14519.5.2.1.7085.2626.255274206900916916836077152939
177,1.2.826.0.1.534147.667.2747872357.202341765750432.4,1.3.6.1.4.1.14519.5.2.1.3320.3273.284747996538780275169584797539
178,1.2.826.0.1.534147.756.812677238.20232165492668.4,1.3.6.1.4.1.14519.5.2.1.6450.2626.967845617438214712145537331881
179,1.2.826.0.1.534147.667.2747872357.202341872547646.4,1.3.6.1.4.1.14519.5.2.1.3320.3273.357071961289985146348140536410
180,1.2.826.0.1.534147.667.2747872357.20234187517308.4,1.3.6.1.4.1.14519.5.2.1.3320.3273.146575486790369559415443871707
181,1.2.826.0.1.534147.685.39692665.20234475054286.4,1.3.6.1.4.1.14519.5.2.1.3320.3273.215385921227437994607826861983
182,1.2.826.0.1.534147.756.812677238.2023220104222156.4,1.3.6.1.4.1.14519.5.2.1.7085.2626.319528262033369309008695071705
183,1.2.826.0.1.534147.667.2747872357.20234175558960.4,1.3.6.1.4.1.14519.5.2.1.6450.2626.272955509432106520123733663156
184,1.2.826.0.1.534147.667.2747872357.2023410102410222.4,1.3.6.1.4.1.14519.5.2.1.3320.3273.188210997343468364670884561790
185,1.2.826.0.1.534147.756.812677238.2023221105629818.4,1.3.6.1.4.1.14519.5.2.1.3320.3273.130266483691491692922925089431
186,1.2.826.0.1.534147.756.812677238.202332192326157.4,1.3.6.1.4.1.14519.5.2.1.7085.2626.516657155938666334599803966375
187,1.2.826.0.1.534147.667.2747872357.2023410115033250.4,1.3.6.1.4.1.14519.5.2.1.3320.3273.129581558191381046727115118754
188,1.2.826.0.1.534147.667.2747872357.202341764330841,1.3.6.1.4.1.14519.5.2.1.3320.3273.260456621642028776932258433628
189,1.2.826.0.1.534147.667.2747872357.2023499510537.4,1.3.6.1.4.1.14519.5.2.1.3320.3273.921901647081236446858497960801
190,1.2.826.0.1.534147.756.812677238.202321512162826.4,1.3.6.1.4.1.14519.5.2.1.6450.2626.848612250919504333517546576288
191,1.2.826.0.1.534147.667.2747872357.20234964431598,1.3.6.1.4.1.14519.5.2.1.6450.2626.809300942963203137864789278471
192,1.2.826.0.1.534147.756.812677238.2023221103526759.4,1.3.6.1.4.1.14519.5.2.1.3320.3273.221887871764789333958049108298
193,1.2.826.0.1.534147.667.2747872357.20234234203896.4,1.3.6.1.4.1.14519.5.2.1.3320.3273.262736964774169022991607075940
194,1.2.826.0.1.534147.667.2747872357.20234186440644.4,1.3.6.1.4.1.14519.5.2.1.3320.3273.108239814565416110462120508363
195,1.2.826.0.1.534147.667.2747872357.2023410113754834,1.3.6.1.4.1.14519.5.2.1.3320.3273.270034430960482880043098875164
196,1.2.826.0.1.534147.685.39692665.2023447503557.4,1.3.6.1.4.1.14519.5.2.1.3320.3273.215385921227437994607826861983
197,1.2.826.0.1.534147.667.2747872357.20234176933127.4,1.3.6.1.4.1.14519.5.2.1.3320.3273.208397619884037475731120365907
198,1.2.826.0.1.534147.667.2747872357.202341872127620.4,1.3.6.1.4.1.14519.5.2.1.3320.3273.357071961289985146348140536410
199,1.2.826.0.1.534147.667.2747872357.202341694431552.3,1.3.6.1.4.1.14519.5.2.1.3320.3273.297324100053617614335336016519
200,1.2.826.0.1.534147.667.2747872357.20234984217220,1.3.6.1.4.1.14519.5.2.1.3320.3273.325425058352741134357984208891
201,1.2.826.0.1.534147.667.2747872357.20234984156355.4,1.3.6.1.4.1.14519.5.2.1.3320.3273.325425058352741134357984208891
202,1.2.826.0.1.534147.667.2747872357.202341843713857.4,1.3.6.1.4.1.14519.5.2.1.7085.2626.319528262033369309008695071705
203,1.2.826.0.1.534147.667.2747872357.2023410115629610.4,1.3.6.1.4.1.14519.5.2.1.3320.3273.129581558191381046727115118754
204,1.2.826.0.1.534147.756.812677238.2023220131718873.4,1.3.6.1.4.1.14519.5.2.1.3320.3273.245208227411103135697860527050
205,1.2.826.0.1.534147.756.812677238.202321612940261,1.3.6.1.4.1.14519.5.2.1.7085.2626.530721211546371663086573559407
206,1.2.826.0.1.534147.685.39692665.202344111659589.4,1.3.6.1.4.1.14519.5.2.1.3320.3273.174204562006846994671664826947
207,1.2.826.0.1.534147.756.812677238.2023320124753715.4,1.3.6.1.4.1.14519.5.2.1.6450.2626.300453394315087810440454128499
208,1.2.826.0.1.534147.667.2747872357.202341864213572.4,1.3.6.1.4.1.14519.5.2.1.3320.3273.174204562006846994671664826947
209,1.2.826.0.1.534147.756.812677238.202332012484826.4,1.3.6.1.4.1.14519.5.2.1.6450.2626.300453394315087810440454128499
210,1.2.826.0.1.534147.667.2747872357.202341765611267.4,1.3.6.1.4.1.14519.5.2.1.3320.3273.284747996538780275169584797539
211,1.2.826.0.1.534147.667.2747872357.202341755458746,1.3.6.1.4.1.14519.5.2.1.6450.2626.272955509432106520123733663156
212,1.2.826.0.1.534147.667.2747872357.202341895440376.4,1.3.6.1.4.1.14519.5.2.1.3320.3273.192838963258103923102154182370
213,1.2.826.0.1.534147.667.2747872357.2023417105855609.4,1.3.6.1.4.1.14519.5.2.1.3320.3273.222790087209835257164504008519
214,1.2.826.0.1.534147.667.2747872357.20234964940567.4,1.3.6.1.4.1.14519.5.2.1.3320.3273.174204562006846994671664826947
215,1.2.826.0.1.534147.667.2747872357.2023410115425740.4,1.3.6.1.4.1.14519.5.2.1.3320.3273.129581558191381046727115118754
216,1.2.826.0.1.534147.756.812677238.202321557432.4,1.3.6.1.4.1.14519.5.2.1.6450.2626.300453394315087810440454128499
217,1.2.826.0.1.534147.756.812677238.20232217734864.4,1.3.6.1.4.1.14519.5.2.1.7085.2626.193761554619335381230164859355
218,1.2.826.0.1.534147.667.2747872357.2023410105037560,1.3.6.1.4.1.14519.5.2.1.6450.2626.187643362445820531002299396025
219,1.2.826.0.1.534147.667.2747872357.2023418121545437.4,1.3.6.1.4.1.14519.5.2.1.3320.3273.228290172296428533069650299235
220,1.2.826.0.1.534147.667.2747872357.202341893932602.4,1.3.6.1.4.1.14519.5.2.1.7085.2626.315048091260390938035234632249
221,1.2.826.0.1.534147.667.2747872357.202342341254268.4,1.3.6.1.4.1.14519.5.2.1.2932.1975.669849651815132593530795435161
222,1.2.826.0.1.534147.667.2747872357.202341872258704.4,1.3.6.1.4.1.14519.5.2.1.3320.3273.357071961289985146348140536410
223,1.2.826.0.1.534147.667.2747872357.202341851657687.4,1.3.6.1.4.1.14519.5.2.1.3320.3273.285777393888048531955987314771
224,1.2.826.0.1.534147.667.2747872357.202341812725152.4,1.3.6.1.4.1.14519.5.2.1.3320.3273.962163137940544766191077843265
225,1.2.826.0.1.534147.667.2747872357.20234186275554.4,1.3.6.1.4.1.14519.5.2.1.3320.3273.108239814565416110462120508363
226,1.2.826.0.1.534147.667.2747872357.20234101053671.4,1.3.6.1.4.1.14519.5.2.1.6450.2626.187643362445820531002299396025
227,1.2.826.0.1.534147.756.812677238.202331285339711.4,1.3.6.1.4.1.14519.5.2.1.6450.2626.173314636910490476033724315999
228,1.2.826.0.1.534147.667.2747872357.202341844027974.4,1.3.6.1.4.1.14519.5.2.1.2932.1975.286163095845630643212362400137
229,1.2.826.0.1.534147.667.2747872357.2023410115839796.4,1.3.6.1.4.1.14519.5.2.1.3320.3273.129581558191381046727115118754
230,1.2.826.0.1.534147.667.2747872357.2023417102334707,1.3.6.1.4.1.14519.5.2.1.3320.3273.222790087209835257164504008519
231,1.2.826.0.1.534147.667.2747872357.2023417124139968.4,1.3.6.1.4.1.14519.5.2.1.3320.3273.140015968983449921251862776571
232,1.2.826.0.1.534147.667.2747872357.2023410115233374.4,1.3.6.1.4.1.14519.5.2.1.3320.3273.129581558191381046727115118754
233,1.2.826.0.1.534147.667.2747872357.20234174473563.4,1.3.6.1.4.1.14519.5.2.1.3320.3273.236297739954578258352997177536
234,1.2.826.0.1.534147.667.2747872357.202341841235277.4,1.3.6.1.4.1.14519.5.2.1.3320.3273.188384016643181993175785468213
235,1.2.826.0.1.534147.756.812677238.20233128531522.4,1.3.6.1.4.1.14519.5.2.1.6450.2626.173314636910490476033724315999
236,1.2.826.0.1.534147.667.2747872357.202341011564199.4,1.3.6.1.4.1.14519.5.2.1.3320.3273.129581558191381046727115118754
237,1.2.826.0.1.534147.667.2747872357.202341871914348.4,1.3.6.1.4.1.14519.5.2.1.3320.3273.357071961289985146348140536410
238,1.2.826.0.1.534147.667.2747872357.2023410115252353.4,1.3.6.1.4.1.14519.5.2.1.3320.3273.129581558191381046727115118754
239,1.2.826.0.1.534147.667.2747872357.202341882953222.4,1.3.6.1.4.1.14519.5.2.1.3320.3273.157697918418377188987808337114
240,1.2.826.0.1.534147.667.2747872357.2023410115639904.4,1.3.6.1.4.1.14519.5.2.1.3320.3273.129581558191381046727115118754
241,1.2.826.0.1.534147.667.2747872357.202341862122969.4,1.3.6.1.4.1.14519.5.2.1.3320.3273.285777393888048531955987314771
242,1.2.826.0.1.534147.667.2747872357.202341012020926.4,1.3.6.1.4.1.14519.5.2.1.3320.3273.188210997343468364670884561790
243,1.2.826.0.1.534147.667.2747872357.202341761427504.4,1.3.6.1.4.1.14519.5.2.1.3320.3273.208397619884037475731120365907
244,1.2.826.0.1.534147.667.2747872357.20234176213714.4,1.3.6.1.4.1.14519.5.2.1.3320.3273.208397619884037475731120365907
245,1.2.826.0.1.534147.667.2747872357.202341075720150.4,1.3.6.1.4.1.14519.5.2.1.7085.2626.319528262033369309008695071705
246,1.2.826.0.1.534147.667.2747872357.202342342030201.4,1.3.6.1.4.1.14519.5.2.1.3320.3273.262736964774169022991607075940
247,1.2.826.0.1.534147.667.2747872357.202341764217361.4,1.3.6.1.4.1.14519.5.2.1.3320.3273.260456621642028776932258433628
248,1.2.826.0.1.534147.756.812677238.2023221554158.4,1.3.6.1.4.1.14519.5.2.1.3320.3273.174204562006846994671664826947
249,1.2.826.0.1.534147.667.2747872357.202341842549255.4,1.3.6.1.4.1.14519.5.2.1.3320.3273.119041692754915148586879613084
250,1.2.826.0.1.534147.756.812677238.202321714456101.4,1.3.6.1.4.1.14519.5.2.1.3320.3273.212577989827553176330503522006
251,1.2.826.0.1.534147.667.2747872357.202341865051.4,1.3.6.1.4.1.14519.5.2.1.3320.3273.309521824160653805254980817690
252,1.2.826.0.1.534147.667.2747872357.202341755813582.4,1.3.6.1.4.1.14519.5.2.1.6450.2626.272955509432106520123733663156
253,1.2.826.0.1.534147.667.2747872357.202341865839647.4,1.3.6.1.4.1.14519.5.2.1.3320.3273.309521824160653805254980817690
254,1.2.826.0.1.534147.667.2747872357.202341862320302.4,1.3.6.1.4.1.14519.5.2.1.3320.3273.108239814565416110462120508363
255,1.2.826.0.1.534147.667.2747872357.202341872245674,1.3.6.1.4.1.14519.5.2.1.3320.3273.357071961289985146348140536410
256,1.2.826.0.1.534147.667.2747872357.20234184353509.4,1.3.6.1.4.1.14519.5.2.1.3320.3273.293665903142457581490353534076
257,1.2.826.0.1.534147.667.2747872357.2023418104123366.4,1.3.6.1.4.1.14519.5.2.1.3320.3273.731749609509707710521529634482
258,1.2.826.0.1.534147.667.2747872357.202341671319194.4,1.3.6.1.4.1.14519.5.2.1.3320.3273.215385921227437994607826861983
259,1.2.826.0.1.534147.756.812677238.2023216122556199.4,1.3.6.1.4.1.14519.5.2.1.4801.2626.764921041005474451168824591200
260,1.2.826.0.1.534147.667.2747872357.2023417102314464.4,1.3.6.1.4.1.14519.5.2.1.3320.3273.222790087209835257164504008519
261,1.2.826.0.1.534147.685.39692665.202344111648670.4,1.3.6.1.4.1.14519.5.2.1.3320.3273.174204562006846994671664826947
262,1.2.826.0.1.534147.667.2747872357.202341862559381.4,1.3.6.1.4.1.14519.5.2.1.3320.3273.108239814565416110462120508363
263,1.2.826.0.1.534147.667.2747872357.20234993828452.4,1.3.6.1.4.1.14519.5.2.1.3320.3273.196330480031434901815324832087
264,1.2.826.0.1.534147.667.2747872357.20234188294248.4,1.3.6.1.4.1.14519.5.2.1.3320.3273.157697918418377188987808337114
265,1.2.826.0.1.534147.667.2747872357.202341042521251.4,1.3.6.1.4.1.14519.5.2.1.3320.3273.563427116500580376452158678405
266,1.2.826.0.1.534147.667.2747872357.202349101751272.4,1.3.6.1.4.1.14519.5.2.1.3320.3273.921901647081236446858497960801
267,1.2.826.0.1.534147.667.2747872357.202341765535459.4,1.3.6.1.4.1.14519.5.2.1.3320.3273.284747996538780275169584797539
268,1.2.826.0.1.534147.667.2747872357.202341871937364.4,1.3.6.1.4.1.14519.5.2.1.3320.3273.357071961289985146348140536410
269,1.2.826.0.1.534147.667.2747872357.202341842156567.4,1.3.6.1.4.1.14519.5.2.1.3320.3273.119041692754915148586879613084
270,1.2.826.0.1.534147.667.2747872357.202341610130446.4,1.3.6.1.4.1.14519.5.2.1.3320.3273.297324100053617614335336016519
271,1.2.826.0.1.534147.667.2747872357.2023416101247604.4,1.3.6.1.4.1.14519.5.2.1.3320.3273.297324100053617614335336016519
272,1.2.826.0.1.534147.667.2747872357.2023410113637834.4,1.3.6.1.4.1.14519.5.2.1.3320.3273.270034430960482880043098875164
273,1.2.826.0.1.534147.667.2747872357.2023410122039114.4,1.3.6.1.4.1.14519.5.2.1.3320.3273.188210997343468364670884561790
274,1.2.826.0.1.534147.667.2747872357.2023423413696.4,1.3.6.1.4.1.14519.5.2.1.2932.1975.669849651815132593530795435161
275,1.2.826.0.1.534147.667.2747872357.202341865053310.4,1.3.6.1.4.1.14519.5.2.1.3320.3273.309521824160653805254980817690
276,1.2.826.0.1.534147.667.2747872357.202341754623411.4,1.3.6.1.4.1.14519.5.2.1.3320.3273.189610219676126217462181578744
277,1.2.826.0.1.534147.756.812677238.20233215350652.4,1.3.6.1.4.1.14519.5.2.1.6450.2626.476085580388245705155991328386
278,1.2.826.0.1.534147.667.2747872357.202341755823546.4,1.3.6.1.4.1.14519.5.2.1.6450.2626.272955509432106520123733663156
279,1.2.826.0.1.534147.667.2747872357.2023410113947652.4,1.3.6.1.4.1.14519.5.2.1.3320.3273.270034430960482880043098875164
280,1.2.826.0.1.534147.667.2747872357.202341841312297.4,1.3.6.1.4.1.14519.5.2.1.3320.3273.188384016643181993175785468213
281,1.2.826.0.1.534147.667.2747872357.20234184225997.4,1.3.6.1.4.1.14519.5.2.1.3320.3273.119041692754915148586879613084
282,1.2.826.0.1.534147.667.2747872357.202341894755596.4,1.3.6.1.4.1.14519.5.2.1.3320.3273.192838963258103923102154182370
283,1.2.826.0.1.534147.667.2747872357.20234101143648.4,1.3.6.1.4.1.14519.5.2.1.3320.3273.188210997343468364670884561790
284,1.2.826.0.1.534147.667.2747872357.2023418103350902,1.3.6.1.4.1.14519.5.2.1.3320.3273.731749609509707710521529634482
285,1.2.826.0.1.534147.667.2747872357.2023410115618951,1.3.6.1.4.1.14519.5.2.1.3320.3273.129581558191381046727115118754
286,1.2.826.0.1.534147.667.2747872357.2023418104936356.4,1.3.6.1.4.1.14519.5.2.1.3320.3273.185954815976928216791634731240
287,1.2.826.0.1.534147.667.2747872357.202341042540165.4,1.3.6.1.4.1.14519.5.2.1.3320.3273.563427116500580376452158678405
288,1.2.826.0.1.534147.756.812677238.202322052519237,1.3.6.1.4.1.14519.5.2.1.3320.3273.202845434583832420786532899994
289,1.2.826.0.1.534147.667.2747872357.20234187426958.4,1.3.6.1.4.1.14519.5.2.1.3320.3273.146575486790369559415443871707
290,1.2.826.0.1.534147.667.2747872357.20234176564390.4,1.3.6.1.4.1.14519.5.2.1.3320.3273.284747996538780275169584797539
291,1.2.826.0.1.534147.667.2747872357.20234188443962.4,1.3.6.1.4.1.14519.5.2.1.3320.3273.381157287391063291151751683785
292,1.2.826.0.1.534147.756.812677238.2023221103716397.4,1.3.6.1.4.1.14519.5.2.1.3320.3273.221887871764789333958049108298
293,1.2.826.0.1.534147.756.812677238.2023215101015716.4,1.3.6.1.4.1.14519.5.2.1.6450.2626.142855460979879285429637018865
294,1.2.826.0.1.534147.667.2747872357.202341872523385.4,1.3.6.1.4.1.14519.5.2.1.3320.3273.357071961289985146348140536410
295,1.2.826.0.1.534147.756.812677238.20232164327749.4,1.3.6.1.4.1.14519.5.2.1.6450.2626.188550180493792372165153925927
296,1.2.826.0.1.534147.685.39692665.202345123515391,1.3.6.1.4.1.14519.5.2.1.3320.3273.248860977982619797672805616823
297,1.2.826.0.1.534147.667.2747872357.202341694417745,1.3.6.1.4.1.14519.5.2.1.3320.3273.297324100053617614335336016519
298,1.2.826.0.1.534147.667.2747872357.20234176918448.4,1.3.6.1.4.1.14519.5.2.1.3320.3273.208397619884037475731120365907
299,1.2.826.0.1.534147.667.2747872357.202341895411710.4,1.3.6.1.4.1.14519.5.2.1.3320.3273.192838963258103923102154182370
300,1.2.826.0.1.534147.667.2747872357.202341755531285.4,1.3.6.1.4.1.14519.5.2.1.6450.2626.272955509432106520123733663156
301,1.2.826.0.1.534147.667.2747872357.2023417685487,1.3.6.1.4.1.14519.5.2.1.3320.3273.208397619884037475731120365907
302,1.2.826.0.1.534147.667.2747872357.20234187418354.4,1.3.6.1.4.1.14519.5.2.1.3320.3273.146575486790369559415443871707
303,1.2.826.0.1.534147.667.2747872357.20234187253996.4,1.3.6.1.4.1.14519.5.2.1.3320.3273.146575486790369559415443871707
304,1.2.826.0.1.534147.756.812677238.202321510544992.4,1.3.6.1.4.1.14519.5.2.1.6450.2626.207643928709693209129175150940
305,1.2.826.0.1.534147.667.2747872357.2023498372184.4,1.3.6.1.4.1.14519.5.2.1.3320.3273.325425058352741134357984208891
306,1.2.826.0.1.534147.667.2747872357.20234176755954.4,1.3.6.1.4.1.14519.5.2.1.3320.3273.197972300917188220694295022116
307,1.2.826.0.1.534147.667.2747872357.20234965914934.4,1.3.6.1.4.1.14519.5.2.1.3320.3273.174204562006846994671664826947
308,1.2.826.0.1.534147.667.2747872357.202341812428680.4,1.3.6.1.4.1.14519.5.2.1.3320.3273.228290172296428533069650299235
309,1.2.826.0.1.534147.667.2747872357.202341895349793.4,1.3.6.1.4.1.14519.5.2.1.3320.3273.192838963258103923102154182370
310,1.2.826.0.1.534147.667.2747872357.202341854929417.4,1.3.6.1.4.1.14519.5.2.1.3320.3273.180734446075384724796074691535
311,1.2.826.0.1.534147.756.812677238.20232155556634.4,1.3.6.1.4.1.14519.5.2.1.6450.2626.300453394315087810440454128499
312,1.2.826.0.1.534147.667.2747872357.202341811592439.4,1.3.6.1.4.1.14519.5.2.1.3320.3273.962163137940544766191077843265
313,1.2.826.0.1.534147.667.2747872357.202341882645292.4,1.3.6.1.4.1.14519.5.2.1.3320.3273.157697918418377188987808337114
314,1.2.826.0.1.534147.667.2747872357.202341864642187.4,1.3.6.1.4.1.14519.5.2.1.3320.3273.174204562006846994671664826947
315,1.2.826.0.1.534147.667.2747872357.2023410115537603.4,1.3.6.1.4.1.14519.5.2.1.3320.3273.129581558191381046727115118754
316,1.2.826.0.1.534147.667.2747872357.20234176562932.4,1.3.6.1.4.1.14519.5.2.1.3320.3273.284747996538780275169584797539
317,1.2.826.0.1.534147.667.2747872357.2023410115058299.4,1.3.6.1.4.1.14519.5.2.1.3320.3273.129581558191381046727115118754
318,1.2.826.0.1.534147.667.2747872357.202341872051638.4,1.3.6.1.4.1.14519.5.2.1.3320.3273.357071961289985146348140536410
319,1.2.826.0.1.534147.667.2747872357.20234187331532.4,1.3.6.1.4.1.14519.5.2.1.3320.3273.146575486790369559415443871707
320,1.2.826.0.1.534147.667.2747872357.2023418102921411.4,1.3.6.1.4.1.14519.5.2.1.4801.5885.160219144005405136370570604940
321,1.2.826.0.1.534147.667.2747872357.202341692644955.4,1.3.6.1.4.1.14519.5.2.1.3320.3273.297324100053617614335336016519
322,1.2.826.0.1.534147.667.2747872357.20234176426850.4,1.3.6.1.4.1.14519.5.2.1.3320.3273.260456621642028776932258433628
323,1.2.826.0.1.534147.667.2747872357.2023418115214995.4,1.3.6.1.4.1.14519.5.2.1.3320.3273.962163137940544766191077843265
324,1.2.826.0.1.534147.667.2747872357.202341761443427.4,1.3.6.1.4.1.14519.5.2.1.3320.3273.208397619884037475731120365907
325,1.2.826.0.1.534147.667.2747872357.202341893556302.4,1.3.6.1.4.1.14519.5.2.1.3320.3273.192838963258103923102154182370
326,1.2.826.0.1.534147.667.2747872357.20234189243597.4,1.3.6.1.4.1.14519.5.2.1.3320.3273.192838963258103923102154182370
327,1.2.826.0.1.534147.756.812677238.202321764427854.4,1.3.6.1.4.1.14519.5.2.1.3320.3273.999281834991363903000965758121
328,1.2.826.0.1.534147.667.2747872357.20234176522770.4,1.3.6.1.4.1.14519.5.2.1.4801.2626.152991518859835512248866858217
329,1.2.826.0.1.534147.667.2747872357.202341764245246.4,1.3.6.1.4.1.14519.5.2.1.3320.3273.260456621642028776932258433628
330,1.2.826.0.1.534147.667.2747872357.20234186836914.4,1.3.6.1.4.1.14519.5.2.1.3320.3273.108239814565416110462120508363
331,1.2.826.0.1.534147.667.2747872357.20234186826472,1.3.6.1.4.1.14519.5.2.1.3320.3273.108239814565416110462120508363
332,1.2.826.0.1.534147.756.812677238.2023320131631761.4,1.3.6.1.4.1.14519.5.2.1.6450.2626.207643928709693209129175150940
333,1.2.826.0.1.534147.667.2747872357.202341872028641.4,1.3.6.1.4.1.14519.5.2.1.3320.3273.357071961289985146348140536410
334,1.2.826.0.1.534147.756.812677238.202322013110166.4,1.3.6.1.4.1.14519.5.2.1.3320.3273.993908584890728956370034462128
335,1.2.826.0.1.534147.667.2747872357.202342342119301.4,1.3.6.1.4.1.14519.5.2.1.3320.3273.262736964774169022991607075940
336,1.2.826.0.1.534147.667.2747872357.202341765014998,1.3.6.1.4.1.14519.5.2.1.4801.2626.152991518859835512248866858217
337,1.2.826.0.1.534147.667.2747872357.20234176157200.4,1.3.6.1.4.1.14519.5.2.1.3320.3273.208397619884037475731120365907
338,1.2.826.0.1.534147.667.2747872357.202341842437211.4,1.3.6.1.4.1.14519.5.2.1.3320.3273.119041692754915148586879613084
339,1.2.826.0.1.534147.685.39692665.202344105153929.4,1.3.6.1.4.1.14519.5.2.1.3320.3273.174204562006846994671664826947
340,1.2.826.0.1.534147.756.812677238.202322092734103.4,1.3.6.1.4.1.14519.5.2.1.3320.3273.239721132111583530161412890801
341,1.2.826.0.1.534147.667.2747872357.202341841829322.4,1.3.6.1.4.1.14519.5.2.1.3320.3273.119041692754915148586879613084
342,1.2.826.0.1.534147.756.812677238.202321671031158,1.3.6.1.4.1.14519.5.2.1.6450.2626.100700675127478975676044465626
343,1.2.826.0.1.534147.667.2747872357.202341864115355.4,1.3.6.1.4.1.14519.5.2.1.3320.3273.174204562006846994671664826947
344,1.2.826.0.1.534147.667.2747872357.202341872223814.4,1.3.6.1.4.1.14519.5.2.1.3320.3273.357071961289985146348140536410
345,1.2.826.0.1.534147.685.39692665.202344102524911.4,1.3.6.1.4.1.14519.5.2.1.3320.3273.588816763760227852703736612242
346,1.2.826.0.1.534147.756.812677238.202331265933739,1.3.6.1.4.1.14519.5.2.1.6450.2626.208151376698023858615816901720
347,1.2.826.0.1.534147.685.39692665.20234411428580.4,1.3.6.1.4.1.14519.5.2.1.3320.3273.174204562006846994671664826947
348,1.2.826.0.1.534147.667.2747872357.202341872214758.4,1.3.6.1.4.1.14519.5.2.1.3320.3273.192664139982174570358822158980
349,1.2.826.0.1.534147.667.2747872357.202341012205254.4,1.3.6.1.4.1.14519.5.2.1.3320.3273.188210997343468364670884561790
350,1.2.826.0.1.534147.667.2747872357.202341761921408.4,1.3.6.1.4.1.14519.5.2.1.3320.3273.208397619884037475731120365907
351,1.2.826.0.1.534147.667.2747872357.2023418113042355.4,1.3.6.1.4.1.14519.5.2.1.3320.3273.962163137940544766191077843265
352,1.2.826.0.1.534147.756.812677238.2023312854172.4,1.3.6.1.4.1.14519.5.2.1.6450.2626.173314636910490476033724315999
353,1.2.826.0.1.534147.756.812677238.202331264537879.4,1.3.6.1.4.1.14519.5.2.1.7085.2626.516657155938666334599803966375
354,1.2.826.0.1.534147.667.2747872357.202341754634966,1.3.6.1.4.1.14519.5.2.1.3320.3273.189610219676126217462181578744
355,1.2.826.0.1.534147.667.2747872357.202341861012603.4,1.3.6.1.4.1.14519.5.2.1.3320.3273.108239814565416110462120508363
356,1.2.826.0.1.534147.667.2747872357.202341884523779.4,1.3.6.1.4.1.14519.5.2.1.3320.3273.278591547013998249118155071292
357,1.2.826.0.1.534147.667.2747872357.202341864915239.4,1.3.6.1.4.1.14519.5.2.1.3320.3273.309521824160653805254980817690
358,1.2.826.0.1.534147.667.2747872357.202341841321143.4,1.3.6.1.4.1.14519.5.2.1.3320.3273.188384016643181993175785468213
359,1.2.826.0.1.534147.667.2747872357.20234187162657.4,1.3.6.1.4.1.14519.5.2.1.3320.3273.357071961289985146348140536410
360,1.2.826.0.1.534147.667.2747872357.2023410113625426.4,1.3.6.1.4.1.14519.5.2.1.3320.3273.270034430960482880043098875164
361,1.2.826.0.1.534147.667.2747872357.2023497816852.4,1.3.6.1.4.1.14519.5.2.1.3320.3273.174204562006846994671664826947
362,1.2.826.0.1.534147.667.2747872357.20234175561186.4,1.3.6.1.4.1.14519.5.2.1.6450.2626.272955509432106520123733663156
363,1.2.826.0.1.534147.667.2747872357.20234961135965.4,1.3.6.1.4.1.14519.5.2.1.3320.3273.588816763760227852703736612242
364,1.2.826.0.1.534147.667.2747872357.2023418104949239.4,1.3.6.1.4.1.14519.5.2.1.3320.3273.185954815976928216791634731240
365,1.2.826.0.1.534147.667.2747872357.202341883751705.4,1.3.6.1.4.1.14519.5.2.1.3320.3273.157697918418377188987808337114
366,1.2.826.0.1.534147.667.2747872357.202341883812470.4,1.3.6.1.4.1.14519.5.2.1.3320.3273.157697918418377188987808337114
367,1.2.826.0.1.534147.667.2747872357.202342343214444.4,1.3.6.1.4.1.14519.5.2.1.3320.3273.335882648939382528985764693717
368,1.2.826.0.1.534147.667.2747872357.20234255311329,1.3.6.1.4.1.14519.5.2.1.6450.2626.691012400763437538016718776441
369,1.2.826.0.1.534147.667.2747872357.202349115139289.4,1.3.6.1.4.1.14519.5.2.1.3320.3273.402154920027198112804195952074
370,1.2.826.0.1.534147.756.812677238.2023221124142730.4,1.3.6.1.4.1.14519.5.2.1.3320.3273.317120625827458974337512312375
371,1.2.826.0.1.534147.667.2747872357.20234255941416.4,1.3.6.1.4.1.14519.5.2.1.4801.5885.160219144005405136370570604940
372,1.2.826.0.1.534147.756.812677238.2023221124154991.4,1.3.6.1.4.1.14519.5.2.1.3320.3273.317120625827458974337512312375
373,1.2.826.0.1.534147.667.2747872357.20234255931675.4,1.3.6.1.4.1.14519.5.2.1.4801.5885.160219144005405136370570604940
374,1.2.826.0.1.534147.756.812677238.202322092721917.4,1.3.6.1.4.1.14519.5.2.1.3320.3273.239721132111583530161412890801
375,1.2.826.0.1.534147.756.812677238.20232175659495.4,1.3.6.1.4.1.14519.5.2.1.4801.2626.289066569210533121575958927132
376,1.2.826.0.1.534147.667.2747872357.202341842247694.4,1.3.6.1.4.1.14519.5.2.1.3320.3273.119041692754915148586879613084
377,1.2.826.0.1.534147.667.2747872357.2023418104138400.4,1.3.6.1.4.1.14519.5.2.1.3320.3273.731749609509707710521529634482
378,1.2.826.0.1.534147.667.2747872357.20234995035366.4,1.3.6.1.4.1.14519.5.2.1.3320.3273.921901647081236446858497960801
379,1.2.826.0.1.534147.756.812677238.2023215101047721.4,1.3.6.1.4.1.14519.5.2.1.6450.2626.142855460979879285429637018865
380,1.2.826.0.1.534147.756.812677238.2023221122040154,1.3.6.1.4.1.14519.5.2.1.3320.3273.118744360784091234371808763059
381,1.2.826.0.1.534147.667.2747872357.202341045254858.4,1.3.6.1.4.1.14519.5.2.1.3320.3273.563427116500580376452158678405
382,1.2.826.0.1.534147.667.2747872357.20234184341681.4,1.3.6.1.4.1.14519.5.2.1.3320.3273.293665903142457581490353534076
383,1.2.826.0.1.534147.667.2747872357.2023418432278.4,1.3.6.1.4.1.14519.5.2.1.3320.3273.293665903142457581490353534076
384,1.2.826.0.1.534147.667.2747872357.202342341955478.4,1.3.6.1.4.1.14519.5.2.1.3320.3273.262736964774169022991607075940
385,1.2.826.0.1.534147.756.812677238.2023216115355545.4,1.3.6.1.4.1.14519.5.2.1.7085.2626.516657155938666334599803966375
386,1.2.826.0.1.534147.756.812677238.202321714435581.4,1.3.6.1.4.1.14519.5.2.1.3320.3273.212577989827553176330503522006
387,1.2.826.0.1.534147.667.2747872357.20234175185270.4,1.3.6.1.4.1.14519.5.2.1.3320.3273.189610219676126217462181578744
388,1.2.826.0.1.534147.667.2747872357.2023416102039982.4,1.3.6.1.4.1.14519.5.2.1.3320.3273.297324100053617614335336016519
389,1.2.826.0.1.534147.667.2747872357.202341861241459.4,1.3.6.1.4.1.14519.5.2.1.3320.3273.285777393888048531955987314771
390,1.2.826.0.1.534147.667.2747872357.202341764254972,1.3.6.1.4.1.14519.5.2.1.3320.3273.260456621642028776932258433628
391,1.2.826.0.1.534147.667.2747872357.202341842030522.4,1.3.6.1.4.1.14519.5.2.1.3320.3273.119041692754915148586879613084
392,1.2.826.0.1.534147.667.2747872357.20234184205632,1.3.6.1.4.1.14519.5.2.1.3320.3273.119041692754915148586879613084
393,1.2.826.0.1.534147.667.2747872357.202341862334122.4,1.3.6.1.4.1.14519.5.2.1.3320.3273.108239814565416110462120508363
394,1.2.826.0.1.534147.667.2747872357.202341872040257.4,1.3.6.1.4.1.14519.5.2.1.3320.3273.357071961289985146348140536410
395,1.2.826.0.1.534147.667.2747872357.2023498592124.4,1.3.6.1.4.1.14519.5.2.1.3320.3273.325425058352741134357984208891
396,1.2.826.0.1.534147.667.2747872357.202341010519399.4,1.3.6.1.4.1.14519.5.2.1.6450.2626.187643362445820531002299396025
397,1.2.826.0.1.534147.667.2747872357.202341842519972.4,1.3.6.1.4.1.14519.5.2.1.3320.3273.119041692754915148586879613084
398,1.2.826.0.1.534147.756.812677238.202322174759918.4,1.3.6.1.4.1.14519.5.2.1.3320.3273.322048254776719123217975770619
399,1.2.826.0.1.534147.667.2747872357.202342341918878.4,1.3.6.1.4.1.14519.5.2.1.3320.3273.165499798146135086280648052830
400,1.2.826.0.1.534147.667.2747872357.2023499366831.4,1.3.6.1.4.1.14519.5.2.1.3320.3273.196330480031434901815324832087
401,1.2.826.0.1.534147.667.2747872357.202349113633623.4,1.3.6.1.4.1.14519.5.2.1.3320.3273.402154920027198112804195952074
402,1.2.826.0.1.534147.756.812677238.2023320135020520.4,1.3.6.1.4.1.14519.5.2.1.6450.2626.202960220492135949547940951143
403,1.2.826.0.1.534147.667.2747872357.2023410115815900.4,1.3.6.1.4.1.14519.5.2.1.3320.3273.129581558191381046727115118754
404,1.2.826.0.1.534147.756.812677238.2023217141529433.4,1.3.6.1.4.1.14519.5.2.1.3320.3273.402154920027198112804195952074
405,1.2.826.0.1.534147.756.812677238.20232166183761,1.3.6.1.4.1.14519.5.2.1.6450.2626.208151376698023858615816901720
406,1.2.826.0.1.534147.667.2747872357.202341710489422.4,1.3.6.1.4.1.14519.5.2.1.3320.3273.222790087209835257164504008519
407,1.2.826.0.1.534147.667.2747872357.20234965852238.4,1.3.6.1.4.1.14519.5.2.1.3320.3273.174204562006846994671664826947
408,1.2.826.0.1.534147.667.2747872357.202341755833795.4,1.3.6.1.4.1.14519.5.2.1.6450.2626.272955509432106520123733663156
409,1.2.826.0.1.534147.667.2747872357.202341862634185.4,1.3.6.1.4.1.14519.5.2.1.3320.3273.108239814565416110462120508363
410,1.2.826.0.1.534147.667.2747872357.2023418124319152.4,1.3.6.1.4.1.14519.5.2.1.3320.3273.228290172296428533069650299235
411,1.2.826.0.1.534147.667.2747872357.202341882755609.4,1.3.6.1.4.1.14519.5.2.1.3320.3273.157697918418377188987808337114
412,1.2.826.0.1.534147.756.812677238.2023216121010316.4,1.3.6.1.4.1.14519.5.2.1.7085.2626.530721211546371663086573559407
413,1.2.826.0.1.534147.667.2747872357.20234993626433.4,1.3.6.1.4.1.14519.5.2.1.3320.3273.196330480031434901815324832087
414,1.2.826.0.1.534147.667.2747872357.202341865126642.4,1.3.6.1.4.1.14519.5.2.1.3320.3273.309521824160653805254980817690
415,1.2.826.0.1.534147.667.2747872357.20234255328266.4,1.3.6.1.4.1.14519.5.2.1.6450.2626.691012400763437538016718776441
416,1.2.826.0.1.534147.667.2747872357.2023418102933712,1.3.6.1.4.1.14519.5.2.1.4801.5885.160219144005405136370570604940
417,1.2.826.0.1.534147.685.39692665.20234875222937.4,1.3.6.1.4.1.14519.5.2.1.3320.3273.561581576541748359719050617136
418,1.2.826.0.1.534147.667.2747872357.20234184253981.4,1.3.6.1.4.1.14519.5.2.1.3320.3273.119041692754915148586879613084
419,1.2.826.0.1.534147.667.2747872357.202341854920775,1.3.6.1.4.1.14519.5.2.1.3320.3273.180734446075384724796074691535
420,1.2.826.0.1.534147.667.2747872357.2023418646493.4,1.3.6.1.4.1.14519.5.2.1.3320.3273.108239814565416110462120508363
421,1.2.826.0.1.534147.667.2747872357.202341862653292.4,1.3.6.1.4.1.14519.5.2.1.3320.3273.108239814565416110462120508363
422,1.2.826.0.1.534147.667.2747872357.202349851114.4,1.3.6.1.4.1.14519.5.2.1.3320.3273.325425058352741134357984208891
423,1.2.826.0.1.534147.667.2747872357.20234184456622.4,1.3.6.1.4.1.14519.5.2.1.3320.3273.180734446075384724796074691535
424,1.2.826.0.1.534147.667.2747872357.2023417104756248.4,1.3.6.1.4.1.14519.5.2.1.3320.3273.222790087209835257164504008519
425,1.2.826.0.1.534147.667.2747872357.20234964957165.4,1.3.6.1.4.1.14519.5.2.1.3320.3273.174204562006846994671664826947
426,1.2.826.0.1.534147.756.812677238.20232205250150.4,1.3.6.1.4.1.14519.5.2.1.3320.3273.202845434583832420786532899994
427,1.2.826.0.1.534147.667.2747872357.2023410104911345,1.3.6.1.4.1.14519.5.2.1.6450.2626.187643362445820531002299396025
428,1.2.826.0.1.534147.667.2747872357.202341844637676.4,1.3.6.1.4.1.14519.5.2.1.3320.3273.180734446075384724796074691535
429,1.2.826.0.1.534147.667.2747872357.202341755624377.4,1.3.6.1.4.1.14519.5.2.1.6450.2626.272955509432106520123733663156
430,1.2.826.0.1.534147.667.2747872357.202341011528114.4,1.3.6.1.4.1.14519.5.2.1.3320.3273.129581558191381046727115118754
431,1.2.826.0.1.534147.667.2747872357.202341864042287.4,1.3.6.1.4.1.14519.5.2.1.3320.3273.174204562006846994671664826947
432,1.2.826.0.1.534147.756.812677238.202321671051229.4,1.3.6.1.4.1.14519.5.2.1.6450.2626.100700675127478975676044465626
433,1.2.826.0.1.534147.756.812677238.202322110755234.4,1.3.6.1.4.1.14519.5.2.1.3320.3273.232815183438737760413032029280
434,1.2.826.0.1.534147.756.812677238.2023320131643563.4,1.3.6.1.4.1.14519.5.2.1.6450.2626.207643928709693209129175150940
435,1.2.826.0.1.534147.667.2747872357.20234184462936.4,1.3.6.1.4.1.14519.5.2.1.3320.3273.180734446075384724796074691535
436,1.2.826.0.1.534147.667.2747872357.202341744713163.4,1.3.6.1.4.1.14519.5.2.1.3320.3273.236297739954578258352997177536
437,1.2.826.0.1.534147.667.2747872357.202341852455565.4,1.3.6.1.4.1.14519.5.2.1.3320.3273.180734446075384724796074691535
438,1.2.826.0.1.534147.667.2747872357.202341861256954.4,1.3.6.1.4.1.14519.5.2.1.3320.3273.285777393888048531955987314771
439,1.2.826.0.1.534147.667.2747872357.202341844113782.4,1.3.6.1.4.1.14519.5.2.1.2932.1975.286163095845630643212362400137
440,1.2.826.0.1.534147.667.2747872357.202341844049910.4,1.3.6.1.4.1.14519.5.2.1.2932.1975.286163095845630643212362400137
441,1.2.826.0.1.534147.667.2747872357.202341841048785.4,1.3.6.1.4.1.14519.5.2.1.3320.3273.188384016643181993175785468213
442,1.2.826.0.1.534147.667.2747872357.2023410104857512,1.3.6.1.4.1.14519.5.2.1.6450.2626.187643362445820531002299396025
443,1.2.826.0.1.534147.667.2747872357.2023410115548695.4,1.3.6.1.4.1.14519.5.2.1.3320.3273.129581558191381046727115118754
444,1.2.826.0.1.534147.667.2747872357.202341011504480.4,1.3.6.1.4.1.14519.5.2.1.3320.3273.129581558191381046727115118754
445,1.2.826.0.1.534147.667.2747872357.20234176145512,1.3.6.1.4.1.14519.5.2.1.3320.3273.208397619884037475731120365907
446,1.2.826.0.1.534147.667.2747872357.20234101203719.4,1.3.6.1.4.1.14519.5.2.1.3320.3273.188210997343468364670884561790
447,1.2.826.0.1.534147.756.812677238.2023215123246858,1.3.6.1.4.1.14519.5.2.1.6450.2626.848612250919504333517546576288
448,1.2.826.0.1.534147.667.2747872357.20234176202999.4,1.3.6.1.4.1.14519.5.2.1.3320.3273.208397619884037475731120365907
449,1.2.826.0.1.534147.667.2747872357.202341844516307.4,1.3.6.1.4.1.14519.5.2.1.3320.3273.180734446075384724796074691535
450,1.2.826.0.1.534147.667.2747872357.20234186814539.4,1.3.6.1.4.1.14519.5.2.1.3320.3273.108239814565416110462120508363
451,1.2.826.0.1.534147.685.39692665.202344115747487.4,1.3.6.1.4.1.14519.5.2.1.3320.3273.174204562006846994671664826947
452,1.2.826.0.1.534147.756.812677238.2023221102247923,1.3.6.1.4.1.14519.5.2.1.3320.3273.185954815976928216791634731240
453,1.2.826.0.1.534147.667.2747872357.202341871842497.4,1.3.6.1.4.1.14519.5.2.1.3320.3273.357071961289985146348140536410
454,1.2.826.0.1.534147.667.2747872357.2023418641984.4,1.3.6.1.4.1.14519.5.2.1.3320.3273.108239814565416110462120508363
455,1.2.826.0.1.534147.756.812677238.202322013111315.4,1.3.6.1.4.1.14519.5.2.1.3320.3273.993908584890728956370034462128
456,1.2.826.0.1.534147.685.39692665.202344115738687.4,1.3.6.1.4.1.14519.5.2.1.3320.3273.174204562006846994671664826947
457,1.2.826.0.1.534147.756.812677238.2023220131126829.4,1.3.6.1.4.1.14519.5.2.1.3320.3273.993908584890728956370034462128
458,1.2.826.0.1.534147.667.2747872357.2023497751269.4,1.3.6.1.4.1.14519.5.2.1.3320.3273.174204562006846994671664826947
459,1.2.826.0.1.534147.667.2747872357.20234985120434.4,1.3.6.1.4.1.14519.5.2.1.3320.3273.325425058352741134357984208891
460,1.2.826.0.1.534147.667.2747872357.202341755413412.4,1.3.6.1.4.1.14519.5.2.1.3320.3273.189610219676126217462181578744
461,1.2.826.0.1.534147.667.2747872357.2023418767860.4,1.3.6.1.4.1.14519.5.2.1.3320.3273.146575486790369559415443871707
462,1.2.826.0.1.534147.667.2747872357.202341810144667.4,1.3.6.1.4.1.14519.5.2.1.4801.5885.137423465625709771601265004154
463,1.2.826.0.1.534147.667.2747872357.202341872620645.4,1.3.6.1.4.1.14519.5.2.1.3320.3273.357071961289985146348140536410
464,1.2.826.0.1.534147.667.2747872357.20234910926693,1.3.6.1.4.1.14519.5.2.1.3320.3273.921901647081236446858497960801
465,1.2.826.0.1.534147.756.812677238.20232217721237.4,1.3.6.1.4.1.14519.5.2.1.7085.2626.193761554619335381230164859355
466,1.2.826.0.1.534147.756.812677238.2023221102259654.4,1.3.6.1.4.1.14519.5.2.1.3320.3273.185954815976928216791634731240
467,1.2.826.0.1.534147.667.2747872357.20234175542566.4,1.3.6.1.4.1.14519.5.2.1.3320.3273.189610219676126217462181578744
468,1.2.826.0.1.534147.756.812677238.202332013509532.4,1.3.6.1.4.1.14519.5.2.1.6450.2626.202960220492135949547940951143
469,1.2.826.0.1.534147.667.2747872357.202341765830180.4,1.3.6.1.4.1.14519.5.2.1.3320.3273.284747996538780275169584797539
470,1.2.826.0.1.534147.667.2747872357.20234234123099.4,1.3.6.1.4.1.14519.5.2.1.2932.1975.669849651815132593530795435161
471,1.2.826.0.1.534147.667.2747872357.20234982156992.4,1.3.6.1.4.1.14519.5.2.1.3320.3273.325425058352741134357984208891
472,1.2.826.0.1.534147.685.39692665.20234875236423,1.3.6.1.4.1.14519.5.2.1.3320.3273.561581576541748359719050617136
473,1.2.826.0.1.534147.667.2747872357.20234189415735.4,1.3.6.1.4.1.14519.5.2.1.3320.3273.278591547013998249118155071292
474,1.2.826.0.1.534147.667.2747872357.202341864125152.4,1.3.6.1.4.1.14519.5.2.1.3320.3273.174204562006846994671664826947
475,1.2.826.0.1.534147.756.812677238.2023221102235369.4,1.3.6.1.4.1.14519.5.2.1.3320.3273.185954815976928216791634731240
476,1.2.826.0.1.534147.667.2747872357.2023496454172.4,1.3.6.1.4.1.14519.5.2.1.6450.2626.809300942963203137864789278471
477,1.2.826.0.1.534147.667.2747872357.20234963349474.1,1.3.6.1.4.1.14519.5.2.1.3320.3273.174204562006846994671664826947
478,1.2.826.0.1.534147.756.812677238.202331285436350.4,1.3.6.1.4.1.14519.5.2.1.6450.2626.173314636910490476033724315999
479,1.2.826.0.1.534147.667.2747872357.2023498295411.4,1.3.6.1.4.1.14519.5.2.1.3320.3273.325425058352741134357984208891
480,1.2.826.0.1.534147.667.2747872357.202341864954931.4,1.3.6.1.4.1.14519.5.2.1.3320.3273.309521824160653805254980817690
481,1.2.826.0.1.534147.667.2747872357.20234184223873,1.3.6.1.4.1.14519.5.2.1.3320.3273.119041692754915148586879613084
482,1.2.826.0.1.534147.667.2747872357.2023417121859846.4,1.3.6.1.4.1.14519.5.2.1.3320.3273.381157287391063291151751683785
483,1.2.826.0.1.534147.756.812677238.20232175737418.4,1.3.6.1.4.1.14519.5.2.1.4801.2626.677387123262037592315545251999
484,1.2.826.0.1.534147.667.2747872357.2023499458606,1.3.6.1.4.1.14519.5.2.1.3320.3273.325425058352741134357984208891
485,1.2.826.0.1.534147.756.812677238.20232211074327.4,1.3.6.1.4.1.14519.5.2.1.3320.3273.232815183438737760413032029280
486,1.2.826.0.1.534147.667.2747872357.202341864032620.4,1.3.6.1.4.1.14519.5.2.1.3320.3273.174204562006846994671664826947
487,1.2.826.0.1.534147.667.2747872357.202341755729338.4,1.3.6.1.4.1.14519.5.2.1.6450.2626.272955509432106520123733663156
488,1.2.826.0.1.534147.667.2747872357.202341674512445.4,1.3.6.1.4.1.14519.5.2.1.3320.3273.215385921227437994607826861983
489,1.2.826.0.1.534147.685.39692665.202344102540878.4,1.3.6.1.4.1.14519.5.2.1.3320.3273.588816763760227852703736612242
490,1.2.826.0.1.534147.667.2747872357.2023418122516615.4,1.3.6.1.4.1.14519.5.2.1.3320.3273.228290172296428533069650299235
491,1.2.826.0.1.534147.756.812677238.202321643929776.4,1.3.6.1.4.1.14519.5.2.1.6450.2626.128202187597795567006159751472
492,1.2.826.0.1.534147.667.2747872357.20234176505772.4,1.3.6.1.4.1.14519.5.2.1.4801.2626.152991518859835512248866858217
493,1.2.826.0.1.534147.667.2747872357.202341871522137.4,1.3.6.1.4.1.14519.5.2.1.3320.3273.357071961289985146348140536410
494,1.2.826.0.1.534147.667.2747872357.20234176189190.4,1.3.6.1.4.1.14519.5.2.1.3320.3273.208397619884037475731120365907
495,1.2.826.0.1.534147.756.812677238.20233128544686,1.3.6.1.4.1.14519.5.2.1.6450.2626.173314636910490476033724315999
496,1.2.826.0.1.534147.667.2747872357.202341011374806.4,1.3.6.1.4.1.14519.5.2.1.3320.3273.270034430960482880043098875164
497,1.2.826.0.1.534147.756.812677238.2023321542637.4,1.3.6.1.4.1.14519.5.2.1.6450.2626.476085580388245705155991328386
498,1.2.826.0.1.534147.756.812677238.202321643911234.4,1.3.6.1.4.1.14519.5.2.1.6450.2626.128202187597795567006159751472
499,1.2.826.0.1.534147.667.2747872357.20234187243642.4,1.3.6.1.4.1.14519.5.2.1.3320.3273.146575486790369559415443871707
500,1.2.826.0.1.534147.667.2747872357.20234255419771.4,1.3.6.1.4.1.14519.5.2.1.6450.2626.691012400763437538016718776441
501,1.2.826.0.1.534147.756.812677238.2023215105337392.4,1.3.6.1.4.1.14519.5.2.1.6450.2626.207643928709693209129175150940
502,1.2.826.0.1.534147.667.2747872357.20234176565476.4,1.3.6.1.4.1.14519.5.2.1.3320.3273.284747996538780275169584797539
503,1.2.826.0.1.534147.667.2747872357.202341872214616.4,1.3.6.1.4.1.14519.5.2.1.3320.3273.357071961289985146348140536410
504,1.2.826.0.1.534147.667.2747872357.202341841843780.4,1.3.6.1.4.1.14519.5.2.1.3320.3273.119041692754915148586879613084
505,1.2.826.0.1.534147.756.812677238.20232175716158,1.3.6.1.4.1.14519.5.2.1.4801.2626.677387123262037592315545251999
506,1.2.826.0.1.534147.756.812677238.20233216548879.4,1.3.6.1.4.1.14519.5.2.1.6450.2626.476085580388245705155991328386
507,1.2.826.0.1.534147.667.2747872357.202341874046211.4,1.3.6.1.4.1.14519.5.2.1.3320.3273.270071326086866885547612334167
508,1.2.826.0.1.534147.667.2747872357.2023418115911997.4,1.3.6.1.4.1.14519.5.2.1.3320.3273.962163137940544766191077843265
509,1.2.826.0.1.534147.667.2747872357.202341842229191.4,1.3.6.1.4.1.14519.5.2.1.3320.3273.119041692754915148586879613084
510,1.2.826.0.1.534147.667.2747872357.20234189131492.4,1.3.6.1.4.1.14519.5.2.1.3320.3273.278591547013998249118155071292
511,1.2.826.0.1.534147.756.812677238.202321791256750,1.3.6.1.4.1.14519.5.2.1.3320.3273.466187306220544796714523130057
512,1.2.826.0.1.534147.667.2747872357.2023417674780.4,1.3.6.1.4.1.14519.5.2.1.3320.3273.197972300917188220694295022116
513,1.2.826.0.1.534147.667.2747872357.202349944056.4,1.3.6.1.4.1.14519.5.2.1.3320.3273.325425058352741134357984208891
514,1.2.826.0.1.534147.667.2747872357.202341712415221.4,1.3.6.1.4.1.14519.5.2.1.3320.3273.140015968983449921251862776571
515,1.2.826.0.1.534147.667.2747872357.202341842332252.4,1.3.6.1.4.1.14519.5.2.1.3320.3273.119041692754915148586879613084
516,1.2.826.0.1.534147.667.2747872357.2023418619498,1.3.6.1.4.1.14519.5.2.1.3320.3273.889424849454987474834413338549
517,1.2.826.0.1.534147.667.2747872357.202341842346766.4,1.3.6.1.4.1.14519.5.2.1.3320.3273.119041692754915148586879613084
518,1.2.826.0.1.534147.756.812677238.20232215525854.4,1.3.6.1.4.1.14519.5.2.1.3320.3273.174204562006846994671664826947
519,1.2.826.0.1.534147.667.2747872357.202341895329922.4,1.3.6.1.4.1.14519.5.2.1.3320.3273.192838963258103923102154182370
520,1.2.826.0.1.534147.667.2747872357.202349115154818,1.3.6.1.4.1.14519.5.2.1.3320.3273.402154920027198112804195952074
521,1.2.826.0.1.534147.667.2747872357.20234184454344.4,1.3.6.1.4.1.14519.5.2.1.3320.3273.180734446075384724796074691535
522,1.2.826.0.1.534147.667.2747872357.202341842611663.4,1.3.6.1.4.1.14519.5.2.1.3320.3273.119041692754915148586879613084
523,1.2.826.0.1.534147.667.2747872357.20234186399492.4,1.3.6.1.4.1.14519.5.2.1.3320.3273.174204562006846994671664826947
524,1.2.826.0.1.534147.667.2747872357.2023418113051658,1.3.6.1.4.1.14519.5.2.1.3320.3273.962163137940544766191077843265
525,1.2.826.0.1.534147.667.2747872357.202341892251688.4,1.3.6.1.4.1.14519.5.2.1.3320.3273.192838963258103923102154182370
526,1.2.826.0.1.534147.756.812677238.2023217712291.4,1.3.6.1.4.1.14519.5.2.1.3320.3273.182430557513680737689692466632
527,1.2.826.0.1.534147.667.2747872357.202341855834414.4,1.3.6.1.4.1.14519.5.2.1.3320.3273.285777393888048531955987314771
528,1.2.826.0.1.534147.667.2747872357.202342341457675,1.3.6.1.4.1.14519.5.2.1.2932.1975.669849651815132593530795435161
529,1.2.826.0.1.534147.667.2747872357.202342342111561.2,1.3.6.1.4.1.14519.5.2.1.3320.3273.262736964774169022991607075940
530,1.2.826.0.1.534147.667.2747872357.20234185584774.4,1.3.6.1.4.1.14519.5.2.1.3320.3273.285777393888048531955987314771
531,1.2.826.0.1.534147.667.2747872357.20234910256166,1.3.6.1.4.1.14519.5.2.1.3320.3273.921901647081236446858497960801
532,1.2.826.0.1.534147.667.2747872357.202341841816853.4,1.3.6.1.4.1.14519.5.2.1.3320.3273.119041692754915148586879613084
533,1.2.826.0.1.534147.667.2747872357.202349115817402.4,1.3.6.1.4.1.14519.5.2.1.3320.3273.402154920027198112804195952074
534,1.2.826.0.1.534147.667.2747872357.202341852614840.4,1.3.6.1.4.1.14519.5.2.1.3320.3273.285777393888048531955987314771
535,1.2.826.0.1.534147.667.2747872357.202341811389232.4,1.3.6.1.4.1.14519.5.2.1.3320.3273.962163137940544766191077843265
536,1.2.826.0.1.534147.756.812677238.202321683355402.4,1.3.6.1.4.1.14519.5.2.1.6450.2626.281124705870688952043505088769
537,1.2.826.0.1.534147.667.2747872357.202342342146908.4,1.3.6.1.4.1.14519.5.2.1.3320.3273.262736964774169022991607075940
538,1.2.826.0.1.534147.667.2747872357.202341764340970.4,1.3.6.1.4.1.14519.5.2.1.3320.3273.260456621642028776932258433628
539,1.2.826.0.1.534147.756.812677238.202331264518111.4,1.3.6.1.4.1.14519.5.2.1.7085.2626.516657155938666334599803966375
540,1.2.826.0.1.534147.667.2747872357.202341045241868.4,1.3.6.1.4.1.14519.5.2.1.3320.3273.563427116500580376452158678405
541,1.2.826.0.1.534147.756.812677238.202322164150361.4,1.3.6.1.4.1.14519.5.2.1.3320.3273.301592575731883944885763720530
542,1.2.826.0.1.534147.667.2747872357.202341882856620.4,1.3.6.1.4.1.14519.5.2.1.3320.3273.157697918418377188987808337114
543,1.2.826.0.1.534147.667.2747872357.202341810304299.4,1.3.6.1.4.1.14519.5.2.1.4801.5885.160219144005405136370570604940
544,1.2.826.0.1.534147.667.2747872357.20234189130103.4,1.3.6.1.4.1.14519.5.2.1.3320.3273.278591547013998249118155071292
545,1.2.826.0.1.534147.667.2747872357.202341872117709.4,1.3.6.1.4.1.14519.5.2.1.3320.3273.357071961289985146348140536410
546,1.2.826.0.1.534147.667.2747872357.202341882627959.4,1.3.6.1.4.1.14519.5.2.1.3320.3273.157697918418377188987808337114
547,1.2.826.0.1.534147.667.2747872357.20234186244236.4,1.3.6.1.4.1.14519.5.2.1.3320.3273.108239814565416110462120508363
548,1.2.826.0.1.534147.667.2747872357.2023418732226.4,1.3.6.1.4.1.14519.5.2.1.3320.3273.146575486790369559415443871707
549,1.2.826.0.1.534147.667.2747872357.2023417103553741.4,1.3.6.1.4.1.14519.5.2.1.3320.3273.222790087209835257164504008519
550,1.2.826.0.1.534147.667.2747872357.202341810254936.4,1.3.6.1.4.1.14519.5.2.1.3320.3273.731749609509707710521529634482
551,1.2.826.0.1.534147.667.2747872357.2023418102953477.4,1.3.6.1.4.1.14519.5.2.1.4801.5885.160219144005405136370570604940
552,1.2.826.0.1.534147.667.2747872357.20234101151737.4,1.3.6.1.4.1.14519.5.2.1.3320.3273.129581558191381046727115118754
553,1.2.826.0.1.534147.667.2747872357.202341862643378,1.3.6.1.4.1.14519.5.2.1.3320.3273.108239814565416110462120508363
554,1.2.826.0.1.534147.667.2747872357.202341882739679.4,1.3.6.1.4.1.14519.5.2.1.3320.3273.157697918418377188987808337114
555,1.2.826.0.1.534147.667.2747872357.202341765916248.4,1.3.6.1.4.1.14519.5.2.1.3320.3273.284747996538780275169584797539
556,1.2.826.0.1.534147.756.812677238.2023215125830168.4,1.3.6.1.4.1.14519.5.2.1.6450.2626.809300942963203137864789278471
557,1.2.826.0.1.534147.667.2747872357.202341610202662.4,1.3.6.1.4.1.14519.5.2.1.3320.3273.297324100053617614335336016519
558,1.2.826.0.1.534147.667.2747872357.20234186513541.4,1.3.6.1.4.1.14519.5.2.1.3320.3273.309521824160653805254980817690
559,1.2.826.0.1.534147.667.2747872357.20234176205391.4,1.3.6.1.4.1.14519.5.2.1.3320.3273.208397619884037475731120365907
560,1.2.826.0.1.534147.667.2747872357.20234175583914.4,1.3.6.1.4.1.14519.5.2.1.6450.2626.272955509432106520123733663156
561,1.2.826.0.1.534147.667.2747872357.202341842216637.4,1.3.6.1.4.1.14519.5.2.1.3320.3273.119041692754915148586879613084
562,1.2.826.0.1.534147.667.2747872357.202341842621650.4,1.3.6.1.4.1.14519.5.2.1.3320.3273.119041692754915148586879613084
563,1.2.826.0.1.534147.667.2747872357.202341751840933.4,1.3.6.1.4.1.14519.5.2.1.3320.3273.189610219676126217462181578744
564,1.2.826.0.1.534147.667.2747872357.202341610349724.4,1.3.6.1.4.1.14519.5.2.1.3320.3273.297324100053617614335336016519
565,1.2.826.0.1.534147.667.2747872357.20234910912561.4,1.3.6.1.4.1.14519.5.2.1.3320.3273.921901647081236446858497960801
566,1.2.826.0.1.534147.667.2747872357.2023410113543729,1.3.6.1.4.1.14519.5.2.1.3320.3273.270034430960482880043098875164
567,1.2.826.0.1.534147.667.2747872357.202341751911197.4,1.3.6.1.4.1.14519.5.2.1.3320.3273.189610219676126217462181578744
568,1.2.826.0.1.534147.667.2747872357.202342341324161.4,1.3.6.1.4.1.14519.5.2.1.2932.1975.669849651815132593530795435161
569,1.2.826.0.1.534147.667.2747872357.202341871551816.4,1.3.6.1.4.1.14519.5.2.1.3320.3273.357071961289985146348140536410
570,1.2.826.0.1.534147.667.2747872357.202341862352197.4,1.3.6.1.4.1.14519.5.2.1.3320.3273.108239814565416110462120508363
571,1.2.826.0.1.534147.756.812677238.20232175642273.4,1.3.6.1.4.1.14519.5.2.1.4801.2626.289066569210533121575958927132
572,1.2.826.0.1.534147.667.2747872357.20234187191274.4,1.3.6.1.4.1.14519.5.2.1.3320.3273.357071961289985146348140536410
573,1.2.826.0.1.534147.667.2747872357.202341871828248,1.3.6.1.4.1.14519.5.2.1.3320.3273.357071961289985146348140536410
574,1.2.826.0.1.534147.667.2747872357.202341052832706.4,1.3.6.1.4.1.14519.5.2.1.3320.3273.563427116500580376452158678405
575,1.2.826.0.1.534147.667.2747872357.202341884423660.4,1.3.6.1.4.1.14519.5.2.1.3320.3273.381157287391063291151751683785
576,1.2.826.0.1.534147.667.2747872357.202341761937227.4,1.3.6.1.4.1.14519.5.2.1.3320.3273.208397619884037475731120365907
577,1.2.826.0.1.534147.667.2747872357.202341812357830.4,1.3.6.1.4.1.14519.5.2.1.3320.3273.228290172296428533069650299235
578,1.2.826.0.1.534147.667.2747872357.202341810586855.4,1.3.6.1.4.1.14519.5.2.1.3320.3273.731749609509707710521529634482
579,1.2.826.0.1.534147.667.2747872357.20234171192929.4,1.3.6.1.4.1.14519.5.2.1.3320.3273.222790087209835257164504008519
580,1.2.826.0.1.534147.667.2747872357.20234189458704.2,1.3.6.1.4.1.14519.5.2.1.3320.3273.564033442359795047076391733342
581,1.2.826.0.1.534147.667.2747872357.2023425547656.4,1.3.6.1.4.1.14519.5.2.1.6450.2626.691012400763437538016718776441
582,1.2.826.0.1.534147.667.2747872357.202341844553484.4,1.3.6.1.4.1.14519.5.2.1.3320.3273.180734446075384724796074691535
583,1.2.826.0.1.534147.756.812677238.2023216115410146.4,1.3.6.1.4.1.14519.5.2.1.7085.2626.516657155938666334599803966375
584,1.2.826.0.1.534147.667.2747872357.202341762113928.4,1.3.6.1.4.1.14519.5.2.1.3320.3273.208397619884037475731120365907
585,1.2.826.0.1.534147.667.2747872357.202341865334808.4,1.3.6.1.4.1.14519.5.2.1.3320.3273.309521824160653805254980817690
586,1.2.826.0.1.534147.667.2747872357.202341844124846,1.3.6.1.4.1.14519.5.2.1.2932.1975.286163095845630643212362400137
587,1.2.826.0.1.534147.667.2747872357.20234993852828.4,1.3.6.1.4.1.14519.5.2.1.3320.3273.196330480031434901815324832087
588,1.2.826.0.1.534147.667.2747872357.20234186400196.4,1.3.6.1.4.1.14519.5.2.1.3320.3273.174204562006846994671664826947
589,1.2.826.0.1.534147.667.2747872357.202341841353565.4,1.3.6.1.4.1.14519.5.2.1.3320.3273.188384016643181993175785468213
590,1.2.826.0.1.534147.756.812677238.2023215125858822.4,1.3.6.1.4.1.14519.5.2.1.6450.2626.809300942963203137864789278471
591,1.2.826.0.1.534147.667.2747872357.202341011530564.4,1.3.6.1.4.1.14519.5.2.1.3320.3273.129581558191381046727115118754
592,1.2.826.0.1.534147.667.2747872357.202341761029883.4,1.3.6.1.4.1.14519.5.2.1.3320.3273.208397619884037475731120365907
593,1.2.826.0.1.534147.667.2747872357.202341894136994.4,1.3.6.1.4.1.14519.5.2.1.3320.3273.192838963258103923102154182370
594,1.2.826.0.1.534147.667.2747872357.20234187155961.4,1.3.6.1.4.1.14519.5.2.1.3320.3273.357071961289985146348140536410
595,1.2.826.0.1.534147.667.2747872357.202341012659418.4,1.3.6.1.4.1.14519.5.2.1.3320.3273.188210997343468364670884561790
596,1.2.826.0.1.534147.756.812677238.2023221122050552.4,1.3.6.1.4.1.14519.5.2.1.3320.3273.118744360784091234371808763059
597,1.2.826.0.1.534147.667.2747872357.202342341314349.4,1.3.6.1.4.1.14519.5.2.1.2932.1975.669849651815132593530795435161
598,1.2.826.0.1.534147.667.2747872357.202341761950611.4,1.3.6.1.4.1.14519.5.2.1.3320.3273.208397619884037475731120365907
599,1.2.826.0.1.534147.667.2747872357.202341842017243,1.3.6.1.4.1.14519.5.2.1.3320.3273.119041692754915148586879613084
600,1.2.826.0.1.534147.667.2747872357.2023410104932283.4,1.3.6.1.4.1.14519.5.2.1.6450.2626.187643362445820531002299396025
601,1.2.826.0.1.534147.667.2747872357.2023410115415406.4,1.3.6.1.4.1.14519.5.2.1.3320.3273.188210997343468364670884561790
602,1.2.826.0.1.534147.667.2747872357.2023418123455399.4,1.3.6.1.4.1.14519.5.2.1.3320.3273.228290172296428533069650299235
603,1.2.826.0.1.534147.667.2747872357.2023418759297,1.3.6.1.4.1.14519.5.2.1.3320.3273.146575486790369559415443871707
604,1.2.826.0.1.534147.667.2747872357.2023418124330240.4,1.3.6.1.4.1.14519.5.2.1.3320.3273.228290172296428533069650299235
605,1.2.826.0.1.534147.667.2747872357.2023418441475.4,1.3.6.1.4.1.14519.5.2.1.2932.1975.286163095845630643212362400137
606,1.2.826.0.1.534147.667.2747872357.202341872610721.4,1.3.6.1.4.1.14519.5.2.1.3320.3273.357071961289985146348140536410
607,1.2.826.0.1.534147.667.2747872357.2023418102632193.4,1.3.6.1.4.1.14519.5.2.1.3320.3273.731749609509707710521529634482
608,1.2.826.0.1.534147.667.2747872357.202341852631416.4,1.3.6.1.4.1.14519.5.2.1.3320.3273.285777393888048531955987314771
609,1.2.826.0.1.534147.667.2747872357.202341812439322.4,1.3.6.1.4.1.14519.5.2.1.3320.3273.228290172296428533069650299235
610,1.2.826.0.1.534147.667.2747872357.202341765924893.4,1.3.6.1.4.1.14519.5.2.1.3320.3273.284747996538780275169584797539
611,1.2.826.0.1.534147.667.2747872357.2023410115045648.4,1.3.6.1.4.1.14519.5.2.1.3320.3273.129581558191381046727115118754
612,1.2.826.0.1.534147.667.2747872357.2023410115745710.4,1.3.6.1.4.1.14519.5.2.1.3320.3273.129581558191381046727115118754
613,1.2.826.0.1.534147.667.2747872357.2023498593312.4,1.3.6.1.4.1.14519.5.2.1.3320.3273.325425058352741134357984208891
614,1.2.826.0.1.534147.667.2747872357.202341011590718.4,1.3.6.1.4.1.14519.5.2.1.3320.3273.129581558191381046727115118754
615,1.2.826.0.1.534147.756.812677238.2023217141510348.4,1.3.6.1.4.1.14519.5.2.1.3320.3273.402154920027198112804195952074
616,1.2.826.0.1.534147.667.2747872357.20234184191195.4,1.3.6.1.4.1.14519.5.2.1.3320.3273.119041692754915148586879613084
